field,nonmissing_records,missing_records,example
dam_id,9384,0,234417
dam_age_month,7956,1428,39.22
parity,9384,0,2
calving_date,9384,0,2026-06-22
service_sire,7949,1435,21219011
birth_weight,9384,0,45.4
calf_id,9384,0,261620
maternal_grandsire,4327,5057,FR3917468802
maternal_granddam,4413,4971,212300
row_id,9384,0,1
calf_birth_year,9384,0,2026
calf_birth_month,9384,0,6
calf_birth_season,9384,0,Summer
dam_birth_date_estimated,7956,1428,2023-03-22
dam_birth_date_export_based,7956,1428,2023-04-02
dam_age_month_export_based_at_calving,7956,1428,38.6666666666667
export_based_impossible_age_flag,9384,0,FALSE
dam_birth_year,7956,1428,2023
dam_birth_month,7956,1428,3
dam_birth_season,7956,1428,Spring
calf_sex_code,9384,0,non-G-coded
calf_sex,9384,0,female
parity_group,9384,0,2
dam_age_month_cont,7956,1428,39.22
dam_age_group,7956,1428,31-42
extreme_low_flag,9384,0,FALSE
extreme_high_flag,9384,0,FALSE
implausible_flag,9384,0,FALSE
exact_duplicate_record_flag,9384,0,FALSE
exact_duplicate_exclude_flag,9384,0,FALSE
duplicate_dam_date_calf_id_flag,9384,0,FALSE
duplicate_dam_date_calf_id_exclude_flag,9384,0,FALSE
duplicate_calf_id_flag,9384,0,FALSE
same_dam_date_same_birth_weight_flag,9384,0,FALSE
obvious_duplicate_exclude_flag,9384,0,FALSE
dam_date_record_n,9384,0,1
dam_date_unique_calf_n,9384,0,1
birth_type,9384,0,singleton
lower_tail,9384,0,0
upper_tail,9384,0,0
lower_tail_p5,9384,0,0
upper_tail_p95,9384,0,0
lower_tail_p15,9384,0,0
upper_tail_p85,9384,0,0
lower_tail_overall,9384,0,0
upper_tail_overall,9384,0,0
low_absolute_30,9384,0,0
high_absolute_55,9384,0,0
high_absolute_60,9384,0,0
