"calf_birth_year","calf_birth_season","n","mean_birth_weight","lower_tail_rate","upper_tail_rate","tail_burden"
"2023","Spring",691,44.4895803183792,0.0868306801736614,0.0564399421128799,0.143270622286541
"2023","Summer",552,42.8048913043478,0.164855072463768,0.0615942028985507,0.226449275362319
"2023","Autumn",525,43.9184761904762,0.106666666666667,0.0990476190476191,0.205714285714286
"2023","Winter",721,45.2377253814147,0.0319001386962552,0.0596393897364771,0.0915395284327323
"2024","Spring",712,44.3095224719101,0.0969101123595506,0.0898876404494382,0.186797752808989
"2024","Summer",443,42.6602708803612,0.160270880361174,0.0586907449209932,0.218961625282167
"2024","Autumn",458,43.3177292576419,0.14410480349345,0.0786026200873362,0.222707423580786
"2024","Winter",952,45.5224789915966,0.0598739495798319,0.123949579831933,0.183823529411765
"2025","Spring",852,44.8484741784038,0.0751173708920188,0.0915492957746479,0.166666666666667
"2025","Summer",571,42.968476357268,0.175131348511384,0.0805604203152364,0.25569176882662
"2025","Autumn",761,44.8805519053876,0.0867279894875164,0.127463863337714,0.21419185282523
"2025","Winter",938,46.1799360341151,0.0479744136460554,0.178038379530917,0.226012793176972
"2026","Spring",740,42.364027027027,0.181081081081081,0.0824324324324324,0.263513513513514
"2026","Summer",125,40.8216,0.264,0.064,0.328
"2026","Winter",343,48.4758017492711,0.0379008746355685,0.250728862973761,0.288629737609329
