"calving_month","calf_sex","n","mean_birth_weight","SD","SE","lower_tail_rate","upper_tail_rate","low","high"
2023-01-01,"female",90,44.7066666666667,2.41948086176548,0.255035675945531,0,0.0222222222222222,44.2067967418134,45.2065365915199
2023-01-01,"male",102,44.5382352941176,3.04793532186409,0.301790567009555,0.0196078431372549,0,43.9467257827789,45.1297448054564
2023-02-01,"female",117,46.0470085470085,3.0874767247363,0.285437324175342,0.0170940170940171,0.0598290598290598,45.4875513916249,46.6064657023922
2023-02-01,"male",112,46.0008928571429,2.53723604798445,0.239746271444114,0,0.00892857142857143,45.5309901651124,46.4707955491733
2023-03-01,"female",141,46.0120567375887,4.13422086591735,0.348164204434559,0.0141843971631206,0.0851063829787234,45.3296548968969,46.6944585782804
2023-03-01,"male",143,46.4965034965035,3.55389912011773,0.297191974356968,0.027972027972028,0.020979020979021,45.9140072267638,47.0789997662432
2023-04-01,"female",122,42.9360655737705,5.65681137840667,0.512143638365855,0.114754098360656,0.0819672131147541,41.9322640425734,43.9398671049676
2023-04-01,"male",111,45.3837837837838,5.96146017104932,0.565836758771152,0.0900900900900901,0.0540540540540541,44.2747437365923,46.4928238309752
2023-05-01,"female",85,40.9529411764706,6.34383067831023,0.688085046684937,0.176470588235294,0.0823529411764706,39.6042944849681,42.3015878679731
2023-05-01,"male",89,43.2449438202247,7.17025121970117,0.760045109199626,0.168539325842697,0.0112359550561798,41.7552554061935,44.734632234256
2023-06-01,"female",94,40.3489361702128,5.8472076725369,0.603093422474199,0.159574468085106,0.0531914893617021,39.1668730621633,41.5309992782622
2023-06-01,"male",88,43.5443181818182,6.70669348194884,0.714935927364498,0.181818181818182,0.0454545454545455,42.1430437641838,44.9455925994526
2023-07-01,"female",93,41.4043010752688,6.57061829495015,0.681341377637529,0.193548387096774,0.043010752688172,40.0688719750993,42.7397301754384
2023-07-01,"male",86,45.9558139534884,7.5035459013983,0.809128163407073,0.162790697674419,0.104651162790698,44.3699227532105,47.5417051537662
2023-08-01,"female",107,41.2906542056075,6.57851753544853,0.635969294534485,0.14018691588785,0.0654205607476635,40.0441543883199,42.5371540228951
2023-08-01,"male",84,45.0321428571429,7.3262551573057,0.799359971878904,0.154761904761905,0.0595238095238095,43.4653973122602,46.5988884020255
2023-09-01,"female",96,42.4010416666667,5.27515516941478,0.538393269961299,0.104166666666667,0.0729166666666667,41.3457908575425,43.4562924757908
2023-09-01,"male",83,45.3168674698795,8.13353220717472,0.892771143822845,0.120481927710843,0.120481927710843,43.5670360279867,47.0666989117723
2023-10-01,"female",89,42.2752808988764,5.25528480542285,0.557059075257786,0.0898876404494382,0.0898876404494382,41.1834451113711,43.3671166863817
2023-10-01,"male",80,45.74375,6.66420332918033,0.745080582996381,0.1125,0.1125,44.2833920573271,47.2041079426729
2023-11-01,"female",87,41.9574712643678,6.30709515903279,0.676191577841383,0.137931034482759,0.126436781609195,40.6321357717987,43.2828067569369
2023-11-01,"male",90,46.1455555555556,6.62696502316311,0.698543448248864,0.0777777777777778,0.0777777777777778,44.7764103969878,47.5147007141233
2023-12-01,"female",145,43.3144827586207,5.18494052401258,0.430585873829727,0.0620689655172414,0.117241379310345,42.4705344459144,44.158431071327
2023-12-01,"male",155,46.6432258064516,6.57518968522827,0.528131944637569,0.0645161290322581,0.103225806451613,45.608087194962,47.6783644179412
2024-01-01,"female",153,44.0535947712418,5.08114453206775,0.410786188328332,0.0326797385620915,0.143790849673203,43.2484538421183,44.8587357003654
2024-01-01,"male",115,47.9113043478261,6.27380750138659,0.585035566101714,0.0695652173913043,0.121739130434783,46.7646346382667,49.0579740573855
2024-02-01,"female",205,43.5775609756098,5.31730286031119,0.371376540942357,0.0487804878048781,0.102439024390244,42.8496629553627,44.3054589958568
2024-02-01,"male",202,48.6376237623762,5.77991636024024,0.406673495981148,0.0198019801980198,0.133663366336634,47.8405437102532,49.4347038144993
2024-03-01,"female",149,43.6751677852349,5.75329407454064,0.471328215399674,0.0536912751677852,0.12751677852349,42.7513644830515,44.5989710874183
2024-03-01,"male",158,47.2518987341772,6.70509570951499,0.533428773280009,0.0759493670886076,0.10126582278481,46.2063783385484,48.297419129806
2024-04-01,"female",116,41.6848275862069,6.21176366228642,0.576747776972099,0.146551724137931,0.0862068965517241,40.5544019433416,42.8152532290722
2024-04-01,"male",79,45.1625316455696,8.51305685980921,0.957793727286664,0.10126582278481,0.0632911392405063,43.2852559400878,47.0398073510515
2024-05-01,"female",105,42.06,5.56799922634831,0.543381085117069,0.114285714285714,0.0952380952380952,40.9949730731705,43.1250269268295
2024-05-01,"male",105,45.2895238095238,6.20770185101236,0.605809668924571,0.114285714285714,0.0380952380952381,44.1021368584316,46.476910760616
2024-06-01,"female",92,41.2,5.55410945770174,0.579055939590767,0.152173913043478,0.0543478260869565,40.0650503584021,42.3349496415979
2024-06-01,"male",77,45.1519480519481,7.39915732025597,0.84321223353192,0.116883116883117,0.0779220779220779,43.4992520742255,46.8046440296706
2024-07-01,"female",67,40.4537313432836,5.37709306275406,0.656916471728807,0.134328358208955,0.0447761194029851,39.1661750586951,41.741287627872
2024-07-01,"male",60,44.665,6.31774002179979,0.815616729669956,0.166666666666667,0.0333333333333333,43.0663912098469,46.2636087901531
2024-08-01,"female",72,41.0875,6.63420367871715,0.78184840149894,0.152777777777778,0.0555555555555556,39.5550771330621,42.6199228669379
2024-08-01,"male",75,43.7706666666667,7.57035065297566,0.874148797471071,0.24,0.08,42.0573350236234,45.48399830971
2024-09-01,"female",56,41.2125,6.03929744559445,0.807035067794052,0.178571428571429,0.0714285714285714,39.6307112671237,42.7942887328763
2024-09-01,"male",69,45.0959420289855,6.8097780733556,0.819800942685679,0.173913043478261,0.072463768115942,43.4891321813216,46.7027518766494
2024-10-01,"female",95,40.7,5.78725672711449,0.593760011997865,0.147368421052632,0.0631578947368421,39.5362303764842,41.8637696235158
2024-10-01,"male",76,44.9328947368421,6.493163341195,0.74481691653084,0.131578947368421,0.0657894736842105,43.4730535804417,46.3927358932426
2024-11-01,"female",85,42.1564705882353,7.51871390754625,0.815519025085753,0.152941176470588,0.0941176470588235,40.5580532990672,43.7548878774034
2024-11-01,"male",77,46.1727272727273,7.17025354399462,0.817126227235389,0.0909090909090909,0.103896103896104,44.5711598673459,47.7742946781086
2024-12-01,"female",138,42.6971014492754,6.70179126320854,0.570494358058819,0.101449275362319,0.13768115942029,41.5789325074801,43.8152703910707
2024-12-01,"male",139,46.3093525179856,7.4563453386772,0.632438957213685,0.115107913669065,0.107913669064748,45.0697721618468,47.5489328741244
2025-01-01,"female",189,43.4227513227513,5.86072038693096,0.426304679366381,0.0634920634920635,0.164021164021164,42.5871941511932,44.2583084943094
2025-01-01,"male",173,47.5578034682081,6.17279381797985,0.469308823471075,0.046242774566474,0.132947976878613,46.6379581742048,48.4776487622114
2025-02-01,"female",153,44.5150326797386,5.84750026711628,0.472742377395057,0.0261437908496732,0.176470588235294,43.5884576200442,45.4416077394329
2025-02-01,"male",166,47.9277108433735,6.29998197694415,0.488973432334562,0.0301204819277108,0.108433734939759,46.9693229159978,48.8860987707492
2025-03-01,"female",155,43.22,5.6769115437291,0.455980508039293,0.0645161290322581,0.0838709677419355,42.326278204243,44.113721795757
2025-03-01,"male",148,47.5391891891892,6.98087411573553,0.573824317566551,0.0878378378378378,0.168918918918919,46.4144935267587,48.6638848516196
2025-04-01,"female",143,42.672027972028,5.23843334275965,0.438059802783749,0.0699300699300699,0.0699300699300699,41.8134307585718,43.5306251854841
2025-04-01,"male",147,45.7170068027211,6.10223823915051,0.503304127147539,0.115646258503401,0.054421768707483,44.7305307135119,46.7034828919303
2025-05-01,"female",129,42.9480620155039,5.42878757146787,0.477978093754817,0.0465116279069767,0.116279069767442,42.0112249517444,43.8848990792633
2025-05-01,"male",130,47.0246153846154,6.11607440520421,0.536415210376282,0.0615384615384615,0.0538461538461538,45.9732415722779,48.0759891969529
2025-06-01,"female",102,41.471568627451,6.14619543352836,0.608564030716256,0.166666666666667,0.0784313725490196,40.2787831272471,42.6643541276548
2025-06-01,"male",99,44.940404040404,7.00358391041241,0.703886667230546,0.171717171717172,0.0808080808080808,43.5607861726322,46.3200219081759
2025-07-01,"female",93,40.9279569892473,5.93745234473137,0.615685127125033,0.161290322580645,0.0537634408602151,39.7212141400822,42.1346998384124
2025-07-01,"male",118,43.8601694915254,7.39744862265858,0.68099034392264,0.220338983050847,0.0847457627118644,42.5254284174371,45.1949105656138
2025-08-01,"female",74,40.5594594594595,6.68912261418858,0.777594709167306,0.175675675675676,0.0540540540540541,39.0353738294915,42.0835450894274
2025-08-01,"male",85,45.56,7.46643600834204,0.80984869078167,0.141176470588235,0.129411764705882,43.9726965660679,47.1473034339321
2025-09-01,"female",97,43.060824742268,6.00724487426486,0.609943304610342,0.103092783505155,0.123711340206186,41.8653358652318,44.2563136193043
2025-09-01,"male",119,46.7336134453782,6.71207206521438,0.615294637412707,0.0504201680672269,0.109243697478992,45.5276359560493,47.9395909347071
2025-10-01,"female",126,41.8753968253968,6.26429483990575,0.558067739539601,0.142857142857143,0.119047619047619,40.7815840558992,42.9692095948944
2025-10-01,"male",139,46.226618705036,7.19014598972515,0.609860223126771,0.100719424460432,0.115107913669065,45.0312926677075,47.4219447423644
2025-11-01,"female",133,43.6022556390977,5.4669179473671,0.474041905473235,0.0300751879699248,0.112781954887218,42.6731335043702,44.5313777738253
2025-11-01,"male",147,47.0408163265306,7.5355936681715,0.621525290403208,0.0952380952380952,0.17687074829932,45.8226267573403,48.2590058957209
2025-12-01,"female",136,45.2947058823529,6.26419726064413,0.537150483627024,0.0514705882352941,0.242647058823529,44.241890934444,46.3475208302619
2025-12-01,"male",121,49.2190082644628,7.81158065576985,0.710143695979078,0.0743801652892562,0.289256198347107,47.8271266203438,50.6108899085818
2026-01-01,"female",69,45.9724637681159,6.55958849269685,0.789681656584905,0.0434782608695652,0.27536231884058,44.4246877212095,47.5202398150224
2026-01-01,"male",87,51.535632183908,8.3689761677099,0.897248425316056,0.0459770114942529,0.333333333333333,49.7770252702886,53.2942390975275
2026-02-01,"female",84,44.1785714285714,5.31855292006305,0.580301698662318,0.0476190476190476,0.130952380952381,43.0411800991933,45.3159627579496
2026-02-01,"male",103,51.0728155339806,7.70704025200536,0.759397240829159,0.0194174757281553,0.262135922330097,49.5843969419554,52.5612341260057
2026-03-01,"female",155,42.1947096774194,6.94695488832051,0.557992844331274,0.129032258064516,0.135483870967742,41.1010437025301,43.2883756523087
2026-03-01,"male",163,46.8098159509202,6.51902453056547,0.510609408729324,0.0920245398773006,0.116564417177914,45.8090215098108,47.8106103920297
2026-04-01,"female",130,39.4346153846154,6.48843588536723,0.569073472602083,0.192307692307692,0.0461538461538462,38.3192313783153,40.5499993909155
2026-04-01,"male",105,43.5914285714286,7.38806358367898,0.721001179026072,0.20952380952381,0.0476190476190476,42.1782662605375,45.0045908823197
2026-05-01,"female",88,38.3681818181818,7.04577064717119,0.751081674627116,0.25,0.0681818181818182,36.8960617359127,39.840301900451
2026-05-01,"male",99,41.4060606060606,8.23759200725079,0.827909147396408,0.303030303030303,0.0404040404040404,39.7833586771636,43.0287625349576
2026-06-01,"female",78,38.9448717948718,7.81875280578018,0.885299423763852,0.307692307692308,0.0769230769230769,37.2096849242946,40.6800586654489
2026-06-01,"male",47,43.936170212766,7.84098556171949,1.14372529229533,0.191489361702128,0.0425531914893617,41.6944686398671,46.1778717856648
