"parity_group","dam_age_group","n","mean_birth_weight","lower_tail_rate","upper_tail_rate"
"1","<=30",1580,42.1623417721519,0.14873417721519,0.0348101265822785
"1",">60",3,42.4333333333333,0.333333333333333,0
"1","31-42",231,42.5157575757576,0.164502164502165,0.051948051948052
"1","43-60",21,44.5095238095238,0,0.142857142857143
"1",NA,203,42.3916256157635,0.118226600985222,0.0344827586206897
"2","<=30",2,44.65,0,0
"2",">60",22,43.3409090909091,0.0909090909090909,0
"2","31-42",952,44.0147058823529,0.10609243697479,0.0682773109243697
"2","43-60",375,44.6295466666667,0.0906666666666667,0.104
"2",NA,279,44.3043010752688,0.100358422939068,0.103942652329749
"3",">60",164,45.6248780487805,0.0792682926829268,0.152439024390244
"3","31-42",4,49.625,0,0.25
"3","43-60",1067,45.2702343017807,0.0815370196813496,0.114339268978444
"3",NA,209,45.7186602870813,0.0909090909090909,0.172248803827751
"4",">60",698,45.6893982808023,0.0830945558739255,0.151862464183381
"4","43-60",298,45.3278523489933,0.0805369127516778,0.114093959731544
"4",NA,187,44.7021390374332,0.106951871657754,0.122994652406417
"5",">60",1046,44.8366921606119,0.0850860420650096,0.0994263862332696
"5",NA,186,46.2312903225806,0.0483870967741935,0.172043010752688
"6",">60",835,45.4302035928144,0.0898203592814371,0.143712574850299
"6",NA,167,44.7173652694611,0.0898203592814371,0.131736526946108
">=7",">60",657,45.0232876712329,0.100456621004566,0.150684931506849
">=7","43-60",1,49.8,0,0
">=7",NA,197,45.6299492385787,0.050761421319797,0.106598984771574
