"calf_birth_year","calf_birth_season","n","lower_tail_rate","upper_tail_rate","tail_burden","label"
"2023","Spring",691,0.0868306801736614,0.0564399421128799,0.143270622286541,"14.3%
n=691"
"2023","Summer",552,0.164855072463768,0.0615942028985507,0.226449275362319,"22.6%
n=552"
"2023","Autumn",525,0.106666666666667,0.0990476190476191,0.205714285714286,"20.6%
n=525"
"2023","Winter",721,0.0319001386962552,0.0596393897364771,0.0915395284327323,"9.2%
n=721"
"2024","Spring",712,0.0969101123595506,0.0898876404494382,0.186797752808989,"18.7%
n=712"
"2024","Summer",443,0.160270880361174,0.0586907449209932,0.218961625282167,"21.9%
n=443"
"2024","Autumn",458,0.14410480349345,0.0786026200873362,0.222707423580786,"22.3%
n=458"
"2024","Winter",952,0.0598739495798319,0.123949579831933,0.183823529411765,"18.4%
n=952"
"2025","Spring",852,0.0751173708920188,0.0915492957746479,0.166666666666667,"16.7%
n=852"
"2025","Summer",571,0.175131348511384,0.0805604203152364,0.25569176882662,"25.6%
n=571"
"2025","Autumn",761,0.0867279894875164,0.127463863337714,0.21419185282523,"21.4%
n=761"
"2025","Winter",938,0.0479744136460554,0.178038379530917,0.226012793176972,"22.6%
n=938"
"2026","Spring",740,0.181081081081081,0.0824324324324324,0.263513513513514,"26.4%
n=740"
"2026","Summer",125,0.264,0.064,0.328,"32.8%
n=125"
"2026","Winter",343,0.0379008746355685,0.250728862973761,0.288629737609329,"28.9%
n=343"
