"calf_sex","parity_group","tail_class","n","total","proportion","label"
"female","1","Lower tail",144,1037,0.138862102217936,"13.9%"
"female","1","Reference range",851,1037,0.820636451301832,""
"female","1","Upper tail",42,1037,0.0405014464802314,""
"female","2","Lower tail",83,834,0.0995203836930456,"10.0%"
"female","2","Reference range",683,834,0.8189448441247,""
"female","2","Upper tail",68,834,0.0815347721822542,"8.2%"
"female","3","Lower tail",64,743,0.0861372812920592,"8.6%"
"female","3","Reference range",586,743,0.788694481830417,""
"female","3","Upper tail",93,743,0.125168236877524,"12.5%"
"female","4","Lower tail",51,579,0.0880829015544041,"8.8%"
"female","4","Reference range",451,579,0.778929188255613,""
"female","4","Upper tail",77,579,0.132987910189983,"13.3%"
"female","5","Lower tail",50,618,0.0809061488673139,"8.1%"
"female","5","Reference range",498,618,0.805825242718447,""
"female","5","Upper tail",70,618,0.113268608414239,"11.3%"
"female","6","Lower tail",54,506,0.106719367588933,"10.7%"
"female","6","Reference range",380,506,0.75098814229249,""
"female","6","Upper tail",72,506,0.142292490118577,"14.2%"
"female",">=7","Lower tail",35,416,0.0841346153846154,"8.4%"
"female",">=7","Reference range",318,416,0.764423076923077,""
"female",">=7","Upper tail",63,416,0.151442307692308,"15.1%"
"male","1","Lower tail",154,1001,0.153846153846154,"15.4%"
"male","1","Reference range",812,1001,0.811188811188811,""
"male","1","Upper tail",35,1001,0.034965034965035,""
"male","2","Lower tail",82,796,0.103015075376884,"10.3%"
"male","2","Reference range",649,796,0.815326633165829,""
"male","2","Upper tail",65,796,0.0816582914572864,"8.2%"
"male","3","Lower tail",55,701,0.0784593437945792,"7.8%"
"male","3","Reference range",555,701,0.791726105563481,""
"male","3","Upper tail",91,701,0.12981455064194,"13.0%"
"male","4","Lower tail",51,604,0.0844370860927152,"8.4%"
"male","4","Reference range",467,604,0.77317880794702,""
"male","4","Upper tail",86,604,0.142384105960265,"14.2%"
"male","5","Lower tail",48,614,0.0781758957654723,"7.8%"
"male","5","Reference range",500,614,0.814332247557003,""
"male","5","Upper tail",66,614,0.107491856677524,"10.7%"
"male","6","Lower tail",36,496,0.0725806451612903,"7.3%"
"male","6","Reference range",390,496,0.786290322580645,""
"male","6","Upper tail",70,496,0.141129032258065,"14.1%"
"male",">=7","Lower tail",41,439,0.0933940774487472,"9.3%"
"male",">=7","Reference range",341,439,0.776765375854214,""
"male",">=7","Upper tail",57,439,0.129840546697039,"13.0%"
