"phenotype","term_group","term_clean","OR","CI_low","CI_high","p_value","direction","evidence"
"Lower-tail phenotype","Parity","Parity >=7 vs 1",0.476788924180382,0.349803302757316,0.649872875496546,2.76664806171324e-06,"Lower odds",5.55804608284568
"Lower-tail phenotype","Parity","Parity 2 vs 1",0.629950359463489,0.503225420720369,0.788587855558062,5.51693483297619e-05,"Lower odds",4.25830214597628
"Lower-tail phenotype","Parity","Parity 3 vs 1",0.48506867022923,0.377913513660894,0.622607041909284,1.34397234336989e-08,"Lower odds",7.87160966822076
"Lower-tail phenotype","Parity","Parity 4 vs 1",0.507406350447167,0.388555546205723,0.662611065491776,6.27506445976976e-07,"Lower odds",6.20238180859138
"Lower-tail phenotype","Parity","Parity 5 vs 1",0.477145885436443,0.36439403856536,0.624785731636198,7.46905884203007e-08,"Lower odds",7.12673411913025
"Lower-tail phenotype","Parity","Parity 6 vs 1",0.487923019991105,0.367531514863373,0.647750910628005,6.91524671669e-07,"Lower odds",6.16019232086405
"Lower-tail phenotype","Year","Year 2024 vs 2023",1.35729183373123,1.10519297578669,1.66689543118218,0.00356783481682571,"Higher odds",2.44759526074259
"Lower-tail phenotype","Year","Year 2025 vs 2023",0.965640293475767,0.787689729260324,1.18379247785748,0.73654112709042,"Uncertain",0.13280299794593
"Lower-tail phenotype","Year","Year 2026 vs 2023",2.06867388401257,1.6084974115642,2.66050265771587,1.4922948644671e-08,"Higher odds",7.82614535557745
"Lower-tail phenotype","Season","Autumn vs Spring",1.25666991004264,0.999958680210313,1.57928451851073,0.0500414424200259,"Uncertain",1.30067018047283
"Lower-tail phenotype","Season","Summer vs Spring",2.24222705357522,1.82237574337964,2.75880656228494,2.2873392721723e-14,"Higher odds",13.6406694133975
"Lower-tail phenotype","Season","Winter vs Spring",0.425131867458845,0.338446363737944,0.534019933713893,1.95503608947892e-13,"Lower odds",12.7088452212262
"Upper-tail phenotype","Parity","Parity >=7 vs 1",4.28296869889682,2.98721665226546,6.14077350627321,2.51447514583607e-15,"Higher odds",14.599552652777
"Upper-tail phenotype","Parity","Parity 2 vs 1",2.404482506548,1.75806834469814,3.28857301920651,3.98164969734271e-08,"Higher odds",7.39993695154196
"Upper-tail phenotype","Parity","Parity 3 vs 1",4.40645182129383,3.2304202602358,6.01061660378713,7.7624009460561e-21,"Higher odds",20
"Upper-tail phenotype","Parity","Parity 4 vs 1",5.24042985082254,3.78458360152056,7.25630820002451,1.9639692532158e-23,"Higher odds",20
"Upper-tail phenotype","Parity","Parity 5 vs 1",4.08522006051306,2.93210744632918,5.69181834168866,9.013114106138e-17,"Higher odds",16.0451251307251
"Upper-tail phenotype","Parity","Parity 6 vs 1",5.26211477463281,3.75510227470157,7.3739274927231,5.13237513371928e-22,"Higher odds",20
"Upper-tail phenotype","Year","Year 2024 vs 2023",1.36510869817662,1.08343653556984,1.7200100759546,0.00829972531515032,"Higher odds",2.08093628064664
"Upper-tail phenotype","Year","Year 2025 vs 2023",2.1336842876163,1.71023815109027,2.66197350136203,1.88748821497978e-11,"Higher odds",10.7241157513201
"Upper-tail phenotype","Year","Year 2026 vs 2023",2.59215672291613,1.94682891981507,3.45139545019577,6.99052847024509e-11,"Higher odds",10.155489991202
"Upper-tail phenotype","Season","Autumn vs Spring",1.3902896149533,1.07234364879325,1.80250539612201,0.0128764458977482,"Higher odds",1.89020399256591
"Upper-tail phenotype","Season","Summer vs Spring",0.804143926673367,0.608646484177413,1.06243520929823,0.125077590384386,"Uncertain",0.902820494017247
"Upper-tail phenotype","Season","Winter vs Spring",2.05305381168739,1.65989338232577,2.53933776624749,3.30531366802907e-11,"Higher odds",10.480787320496
