"level","n","mean_birth_weight","lower_events","upper_events","domain","label","mean_delta","phenotype","log2_or","score"
"female",4733,42.6280583139658,481,485,"Sex","Female",-1.80545191621326,"Lower-tail phenotype",0.010221389381925,1.59606425917975
"female",4733,42.6280583139658,481,485,"Sex","Female",-1.80545191621326,"Upper-tail phenotype",0.0117089170827404,1.59755178688056
"male",4651,46.2707933777682,467,470,"Sex","Male",1.83728314758919,"Lower-tail phenotype",-0.00909205527716754,1.62289431344812
"male",4651,46.2707933777682,467,470,"Sex","Male",1.83728314758919,"Upper-tail phenotype",-0.0106346536887924,1.62443691185974
"1",2038,42.2498233562316,298,77,"Parity","Parity 1",-2.18368687394743,"Lower-tail phenotype",0.609225944630336,2.527296554998
"1",2038,42.2498233562316,298,77,"Parity","Parity 1",-2.18368687394743,"Upper-tail phenotype",-1.52049793358949,3.43856854395715
"2",1630,44.1974110429448,165,133,"Parity","Parity 2",-0.236099187234245,"Lower-tail phenotype",0.00643507620688929,0.213815959230231
"2",1630,44.1974110429448,165,133,"Parity","Parity 2",-0.236099187234245,"Upper-tail phenotype",-0.346525074775226,0.553905957798567
"3",1444,45.3874792243767,119,184,"Parity","Parity 3",0.953968994197702,"Lower-tail phenotype",-0.318529224797297,1.15646066671
"3",1444,45.3874792243767,119,184,"Parity","Parity 3",0.953968994197702,"Upper-tail phenotype",0.368815884415225,1.20674732632793
"4",1183,45.4422654268808,102,163,"Parity","Parity 4",1.00875519670178,"Lower-tail phenotype",-0.24641292836732,1.1324665649639
"4",1183,45.4422654268808,102,163,"Parity","Parity 4",1.00875519670178,"Upper-tail phenotype",0.499205639678732,1.38525927627531
"5",1232,45.0472402597403,98,136,"Parity","Parity 5",0.613730029561225,"Lower-tail phenotype",-0.372864152126748,0.911942142861514
"5",1232,45.0472402597403,98,136,"Parity","Parity 5",0.613730029561225,"Upper-tail phenotype",0.135186325459627,0.674264316194393
"6",1002,45.3113972055888,90,142,"Parity","Parity 6",0.877886975409794,"Lower-tail phenotype",-0.180909939482323,0.952013721277837
"6",1002,45.3113972055888,90,142,"Parity","Parity 6",0.877886975409794,"Upper-tail phenotype",0.546906008225269,1.31800979002078
">=7",855,45.1686549707602,76,120,"Parity","Parity >=7",0.735144740581205,"Lower-tail phenotype",-0.19609244791592,0.84181667609989
">=7",855,45.1686549707602,76,120,"Parity","Parity >=7",0.735144740581205,"Upper-tail phenotype",0.5314270861885,1.17715131437247
"Spring",2995,44.0236928213689,327,242,"Season","Spring",-0.409817408810085,"Lower-tail phenotype",0.12646272252571,0.486431331960405
"Spring",2995,44.0236928213689,327,242,"Season","Spring",-0.409817408810085,"Upper-tail phenotype",-0.36409067486302,0.724059284297715
"Summer",1691,42.6756357185098,295,114,"Season","Summer",-1.75787451166927,"Lower-tail phenotype",0.912339383986796,2.45639200333153
"Summer",1691,42.6756357185098,295,114,"Season","Summer",-1.75787451166927,"Upper-tail phenotype",-0.643101220559599,2.18715383990433
"Autumn",1744,44.1805160550459,188,185,"Season","Autumn",-0.252994175133161,"Lower-tail phenotype",0.107255773888698,0.329476595796156
"Autumn",1744,44.1805160550459,188,185,"Season","Autumn",-0.252994175133161,"Upper-tail phenotype",0.0695268204600196,0.291747642367477
"Winter",2954,46.0046648612051,138,414,"Season","Winter",1.57115463102611,"Lower-tail phenotype",-1.19302066810115,2.57306537967035
"Winter",2954,46.0046648612051,138,414,"Season","Winter",1.57115463102611,"Upper-tail phenotype",0.525450823911406,1.90549553548061
"2023",2489,44.212213740458,230,168,"Year","2023",-0.221296489721013,"Lower-tail phenotype",-0.140239979152453,0.334618714572567
"2023",2489,44.212213740458,230,168,"Year","2023",-0.221296489721013,"Upper-tail phenotype",-0.643117503171435,0.837496238591549
"2024",2565,44.2977777777778,263,244,"Year","2024",-0.135732452401257,"Lower-tail phenotype",0.0255986327477299,0.144821050086969
"2024",2565,44.2977777777778,263,244,"Year","2024",-0.135732452401257,"Upper-tail phenotype",-0.10603162940106,0.225254046740299
"2025",3122,44.9124855861627,275,388,"Year","2025",0.478975355983685,"Lower-tail phenotype",-0.216646695935103,0.637361114455171
"2025",3122,44.9124855861627,275,388,"Year","2025",0.478975355983685,"Upper-tail phenotype",0.325828722860788,0.746543141380855
"2026",1208,43.9398013245033,180,155,"Year","2026",-0.493708905675717,"Lower-tail phenotype",0.64245387045145,1.07610969965994
"2026",1208,43.9398013245033,180,155,"Year","2026",-0.493708905675717,"Upper-tail phenotype",0.380915452526665,0.814571281735158
