"calf_birth_year","calf_birth_season","tail_class","n","total","proportion","label"
"2023","Spring","Lower tail",60,691,0.0868306801736614,"8.7%"
"2023","Spring","Reference range",592,691,0.856729377713459,""
"2023","Spring","Upper tail",39,691,0.0564399421128799,"5.6%"
"2023","Summer","Lower tail",91,552,0.164855072463768,"16.5%"
"2023","Summer","Reference range",427,552,0.773550724637681,""
"2023","Summer","Upper tail",34,552,0.0615942028985507,"6.2%"
"2023","Autumn","Lower tail",56,525,0.106666666666667,"10.7%"
"2023","Autumn","Reference range",417,525,0.794285714285714,""
"2023","Autumn","Upper tail",52,525,0.0990476190476191,"9.9%"
"2023","Winter","Lower tail",23,721,0.0319001386962552,""
"2023","Winter","Reference range",655,721,0.908460471567268,""
"2023","Winter","Upper tail",43,721,0.0596393897364771,"6.0%"
"2024","Spring","Lower tail",69,712,0.0969101123595506,"9.7%"
"2024","Spring","Reference range",579,712,0.813202247191011,""
"2024","Spring","Upper tail",64,712,0.0898876404494382,"9.0%"
"2024","Summer","Lower tail",71,443,0.160270880361174,"16.0%"
"2024","Summer","Reference range",346,443,0.781038374717833,""
"2024","Summer","Upper tail",26,443,0.0586907449209932,"5.9%"
"2024","Autumn","Lower tail",66,458,0.14410480349345,"14.4%"
"2024","Autumn","Reference range",356,458,0.777292576419214,""
"2024","Autumn","Upper tail",36,458,0.0786026200873362,"7.9%"
"2024","Winter","Lower tail",57,952,0.0598739495798319,"6.0%"
"2024","Winter","Reference range",777,952,0.816176470588235,""
"2024","Winter","Upper tail",118,952,0.123949579831933,"12.4%"
"2025","Spring","Lower tail",64,852,0.0751173708920188,"7.5%"
"2025","Spring","Reference range",710,852,0.833333333333333,""
"2025","Spring","Upper tail",78,852,0.0915492957746479,"9.2%"
"2025","Summer","Lower tail",100,571,0.175131348511384,"17.5%"
"2025","Summer","Reference range",425,571,0.74430823117338,""
"2025","Summer","Upper tail",46,571,0.0805604203152364,"8.1%"
"2025","Autumn","Lower tail",66,761,0.0867279894875164,"8.7%"
"2025","Autumn","Reference range",598,761,0.78580814717477,""
"2025","Autumn","Upper tail",97,761,0.127463863337714,"12.7%"
"2025","Winter","Lower tail",45,938,0.0479744136460554,""
"2025","Winter","Reference range",726,938,0.773987206823028,""
"2025","Winter","Upper tail",167,938,0.178038379530917,"17.8%"
"2026","Spring","Lower tail",134,740,0.181081081081081,"18.1%"
"2026","Spring","Reference range",545,740,0.736486486486487,""
"2026","Spring","Upper tail",61,740,0.0824324324324324,"8.2%"
"2026","Summer","Lower tail",33,125,0.264,"26.4%"
"2026","Summer","Reference range",84,125,0.672,""
"2026","Summer","Upper tail",8,125,0.064,"6.4%"
"2026","Autumn","Lower tail",0,0,NA,""
"2026","Autumn","Reference range",0,0,NA,""
"2026","Autumn","Upper tail",0,0,NA,""
"2026","Winter","Lower tail",13,343,0.0379008746355685,""
"2026","Winter","Reference range",244,343,0.711370262390671,""
"2026","Winter","Upper tail",86,343,0.250728862973761,"25.1%"
