"Package","Version"
"abind","1.4-8"
"AGHmatrix","2.1.4"
"alabama","2025.1.0"
"askpass","1.2.1"
"ASRgenomics","1.1.5"
"backports","1.5.0"
"base64enc","0.1-6"
"bayestestR","0.18.1"
"bit","4.6.0"
"bit64","4.6.0-1"
"blob","1.3.0"
"brew","1.0-10"
"brglm2","1.1.0"
"broom","1.0.12"
"broom.mixed","0.2.9.7"
"bslib","0.10.0"
"cachem","1.1.0"
"callr","3.7.6"
"car","3.1-5"
"carData","3.0-6"
"cccp","0.3-3"
"cellranger","1.1.0"
"cli","3.6.5"
"clipr","0.8.0"
"CMplot","4.5.1"
"coda","0.19-4.1"
"collections","0.3.11"
"colorspace","2.1-2"
"commonmark","2.0.0"
"conflicted","1.2.0"
"corrplot","0.95"
"cowplot","1.2.0"
"cpp11","0.5.3"
"crayon","1.5.3"
"crosstalk","1.2.2"
"curl","7.0.0"
"data.table","1.18.2.1"
"datawizard","1.3.1"
"DBI","1.3.0"
"dbplyr","2.5.2"
"dendextend","1.19.1"
"Deriv","4.2.0"
"desc","1.4.3"
"digest","0.6.39"
"doBy","4.7.1"
"doParallel","1.0.17"
"dplyr","1.2.0"
"DT","0.34.0"
"dtplyr","1.3.3"
"e1071","1.7-17"
"ECOSolveR","0.6.1"
"ellipse","0.5.0"
"emmeans","2.0.2"
"enrichwith","0.5.0"
"estimability","1.5.1"
"evaluate","1.0.5"
"factoextra","2.0.0"
"FactoMineR","2.13"
"farver","2.1.2"
"fastmap","1.2.0"
"fitdistrplus","1.2-6"
"flashClust","1.1-4"
"fontawesome","0.5.3"
"forcats","1.0.1"
"foreach","1.5.2"
"forecast","9.0.2"
"Formula","1.2-5"
"formula.tools","1.7.1"
"fracdiff","1.5-3"
"fs","1.6.7"
"furrr","0.4.0"
"future","1.70.0"
"gargle","1.6.1"
"gbm","2.2.3"
"generics","0.1.4"
"ggdendro","0.2.0"
"ggplot2","4.0.2"
"ggpubr","0.6.3"
"ggrepel","0.9.8"
"ggsci","4.2.0"
"ggsignif","0.6.4"
"glmnet","5.0"
"globals","0.19.1"
"glue","1.8.0"
"googledrive","2.1.2"
"googlesheets4","1.1.2"
"gridExtra","2.3"
"gtable","0.3.6"
"HaploSim","1.8.4.2"
"haven","2.5.5"
"highr","0.12"
"hms","1.1.4"
"htmltools","0.5.9"
"htmlwidgets","1.6.4"
"httr","1.4.8"
"ids","1.0.1"
"insight","1.5.2"
"isoband","0.3.0"
"iterators","1.0.14"
"jomo","2.7-6"
"jquerylib","0.1.4"
"jsonlite","2.0.0"
"kinship2","1.9.6.2"
"knitr","1.51"
"labeling","0.4.3"
"languageserver","0.3.17"
"later","1.4.8"
"lazyeval","0.2.2"
"leaps","3.2"
"lifecycle","1.0.5"
"lintr","3.3.0-1"
"listenv","1.0.0"
"lme4","2.0-1"
"lmerTest","3.2-1"
"lmtest","0.9-40"
"logistf","1.26.1"
"lubridate","1.9.5"
"magic","1.6-1"
"magrittr","2.0.4"
"MatrixModels","0.5-4"
"memoise","2.0.1"
"mice","3.19.0"
"microbenchmark","1.5.0"
"mime","0.13"
"minpack.lm","1.2-4"
"minqa","1.2.8"
"mitml","0.4-5"
"modelr","0.1.11"
"multcompView","0.1-11"
"mvtnorm","1.3-6"
"nadiv","2.18.0"
"nleqslv","3.3.7"
"nloptr","2.2.1"
"numDeriv","2016.8-1.1"
"openssl","2.3.5"
"openxlsx","4.2.8.1"
"operator.tools","1.6.3.1"
"optiSel","2.1.0"
"optiSolve","1.0"
"ordinal","2025.12-29"
"otel","0.2.0"
"pan","2.0"
"parallelly","1.48.0"
"patchwork","1.3.2"
"pbkrtest","0.5.5"
"pedigree","1.4.2"
"pedigreemm","0.3-5"
"pedigreeTools","0.3"
"performance","0.17.1"
"pillar","1.11.1"
"pkgbuild","1.4.8"
"pkgconfig","2.0.3"
"pkgload","1.5.0"
"plyr","1.8.9"
"polynom","1.4-1"
"prettyunits","1.2.0"
"processx","3.8.6"
"progress","1.2.3"
"promises","1.5.0"
"proxy","0.4-29"
"ps","1.9.1"
"pspline","1.0-21"
"purrr","1.2.1"
"quadprog","1.5-8"
"quantreg","6.1"
"R.cache","0.17.0"
"R.methodsS3","1.8.2"
"R.oo","1.27.1"
"R.utils","2.13.0"
"R6","2.6.1"
"ragg","1.5.1"
"rappdirs","0.3.4"
"rbibutils","2.4.1"
"RColorBrewer","1.1-3"
"Rcpp","1.1.1"
"RcppArmadillo","15.2.4-1"
"RcppEigen","0.3.4.0.2"
"Rdpack","2.6.6"
"readr","2.2.0"
"readxl","1.4.5"
"reformulas","0.4.4"
"rematch","2.0.0"
"rematch2","2.1.2"
"reprex","2.1.1"
"reshape","0.8.10"
"reshape2","1.4.5"
"rex","1.2.1"
"rgl","1.3.36"
"rlang","1.1.7"
"rmarkdown","2.30"
"roxygen2","7.3.3"
"rprojroot","2.1.1"
"rstatix","0.7.3"
"rstudioapi","0.18.0"
"rvest","1.0.5"
"S7","0.2.1"
"sandwich","3.1-1"
"sass","0.4.10"
"scales","1.4.0"
"scattermore","1.2"
"scatterplot3d","0.3-45"
"selectr","0.5-1"
"shape","1.4.6.1"
"shapes","1.2.8"
"SparseM","1.84-2"
"statmod","1.5.2"
"stringi","1.8.7"
"stringr","1.6.0"
"styler","1.11.0"
"superheat","0.1.0"
"svglite","2.2.2"
"sys","3.4.3"
"systemfonts","1.3.2"
"textshaping","1.0.5"
"tibble","3.3.1"
"tidyr","1.3.2"
"tidyselect","1.2.1"
"tidyverse","2.0.0"
"timechange","0.4.0"
"timeDate","4052.112"
"tinytex","0.58"
"tzdb","0.5.0"
"ucminf","1.2.3"
"urca","1.3-4"
"utf8","1.2.6"
"uuid","1.2-2"
"vctrs","0.7.2"
"viridis","0.6.5"
"viridisLite","0.4.3"
"vroom","1.7.0"
"withr","3.0.2"
"writexl","1.5.4"
"xfun","0.57"
"xgboost","3.2.1.1"
"xml2","1.5.2"
"xmlparsedata","1.0.5"
"yaml","2.3.12"
"zip","3.0.0"
"zoo","1.8-15"
"base","4.5.3"
"boot","1.3-32"
"class","7.3-23"
"cluster","2.1.8.2"
"codetools","0.2-20"
"compiler","4.5.3"
"datasets","4.5.3"
"foreign","0.8-91"
"graphics","4.5.3"
"grDevices","4.5.3"
"grid","4.5.3"
"KernSmooth","2.23-26"
"lattice","0.22-9"
"MASS","7.3-65"
"Matrix","1.7-4"
"methods","4.5.3"
"mgcv","1.9-4"
"nlme","3.1-168"
"nnet","7.3-20"
"parallel","4.5.3"
"rpart","4.1.24"
"spatial","7.3-18"
"splines","4.5.3"
"stats","4.5.3"
"stats4","4.5.3"
"survival","3.8-6"
"tcltk","4.5.3"
"tools","4.5.3"
"translations","4.5.3"
"utils","4.5.3"
