"label","label_type","n","mean_birth_weight","delta_kg","p_value","q_value","neg_log10_q","direction"
"15618075","Service sire",219,45.9164383561644,1.51836306974867,0.00161944596396066,0.00471111553152191,2.32687624535055,"Higher BW"
"15620126","Service sire",56,43.8392857142857,-0.59779190149473,0.556335711279941,0.64737246403484,0.188845777241217,"Not highlighted"
"15620193","Service sire",85,42.8082352941176,-1.6401311969029,0.0192449793962129,0.049267147254305,1.3074425842155,"Lower BW"
"171206","Service sire",191,41.6638743455497,-2.82717971732419,9.19367127282515e-09,1.69192795577038e-07,6.77161813365959,"Lower BW"
"21219011","Service sire",503,44.2269980119284,-0.218208608947599,0.514333743857325,0.621082256733374,0.206850877633948,"Not highlighted"
"22218621","Service sire",450,45.5935555555556,1.21847608387434,0.000116729881608112,0.00049804749486128,3.30272924002615,"Higher BW"
"22220783","Service sire",122,44.9360655737705,0.50917505336453,0.3778738601833,0.535156608998733,0.271519106817882,"Not highlighted"
"22220785","Service sire",387,43.1459948320413,-1.34289702079849,0.000112896444015156,0.00049804749486128,3.30272924002615,"Lower BW"
"41120238","Service sire",240,41.5466666666667,-2.96261373578303,3.33104262256295e-09,1.06593363922014e-07,6.97226983191132,"Lower BW"
"41121286","Service sire",440,46.9602727272727,2.65106655553749,2.15912254797976e-11,1.38183843070704e-09,8,"Higher BW"
"41121296","Service sire",111,47.6682882882883,3.27349911542083,3.74840704973392e-05,0.000199915042652476,3.69915452606612,"Higher BW"
"41221179","Service sire",54,37.3981481481481,-7.07608121948315,1.96005216913335e-07,2.09072231374224e-06,5.67970364562225,"Lower BW"
"41422157","Service sire",67,41.0626865671642,-3.39506378166055,1.71424070710711e-05,0.000121901561394283,3.91399073162052,"Lower BW"
"427133","Service sire",243,43.4600823045268,-0.999305071033909,0.00962441506532032,0.0267809810513261,1.57217351778803,"Not highlighted"
"427151","Service sire",132,44.7689393939394,0.340214793852923,0.528940856172705,0.626892866575057,0.202806671977464,"Not highlighted"
"65123650","Service sire",139,45.2057553956835,0.783855990599626,0.250227583742653,0.381299175226899,0.418734134130457,"Not highlighted"
"65123933","Service sire",76,46.7026315789474,2.28764876846176,0.0132323356620988,0.0352862284322635,1.45239475871541,"Higher BW"
"7029225762","Service sire",66,46.0742424242424,1.65235360689965,3.395020348404e-05,0.000197528456634415,3.70437032956133,"Higher BW"
"7402563907","Service sire",340,43.8655882352941,-0.589272445820434,0.144826811445446,0.25051124141915,0.601172780867535,"Not highlighted"
"854282维利纳诺","Service sire",351,43.977207977208,-0.474033027995169,0.150995241220139,0.25430777468655,0.594640362388767,"Not highlighted"
"854400西部公园","Service sire",64,44.509375,0.0763857296137331,0.921603434713029,0.921603434713029,0.0354559153508375,"Not highlighted"
"854773威吉吉","Service sire",440,44.4690909090909,0.0373310700926979,0.898276796633419,0.912535158484743,0.039750393894211,"Not highlighted"
"862025瓦特罗","Service sire",529,45.9308884688091,1.58683200353521,1.05745497235649e-08,1.69192795577038e-07,6.77161813365959,"Higher BW"
"863025","Service sire",74,42.6540540540541,-1.7936000812843,0.0278019422423114,0.0659009001299234,1.18110865340616,"Not highlighted"
"863302","Service sire",205,41.8551219512195,-2.63597293929143,5.77276978557247e-07,5.27796094680912e-06,5.27753382757714,"Lower BW"
"865530狼血","Service sire",627,44.955023923445,0.55885400223908,0.0361871747235701,0.082713542225303,1.08242338002136,"Not highlighted"
"871041文尼哥","Service sire",462,45.1140692640693,0.715799817756782,0.00128218310256457,0.00410298592820661,2.3868999725073,"Not highlighted"
"FR2545422137","Service sire",47,43.5659574468085,-0.871919815695506,0.384643812717839,0.535156608998733,0.271519106817882,"Not highlighted"
"FR3917468802","Service sire",123,44.8991869918699,0.471861649034373,0.427821452642637,0.558787203451608,0.252753548037434,"Not highlighted"
"FR7045049997","Service sire",138,46.45,2.04658663205711,3.24416177174172e-05,0.000197528456634415,3.70437032956133,"Higher BW"
"XM-22218621","Service sire",36,43.6027777777778,-0.833931678790471,0.411518789951272,0.548691719935029,0.260671593501131,"Not highlighted"
"公牛","Service sire",46,43.9913043478261,-0.444384236453203,0.603621220102859,0.689852822974696,0.161243554172594,"Not highlighted"
"163940","Maternal grandsire",132,46.075,1.66490920881972,0.00111067356417814,0.00374121621617899,2.42698719188735,"Higher BW"
"167285","Maternal grandsire",182,44.6285714285714,0.198919179060454,0.682007445258524,0.752559939595613,0.123458903841861,"Not highlighted"
"171350","Maternal grandsire",221,44.2855203619909,-0.151559197105421,0.742641792474942,0.792151245306605,0.101191890719775,"Not highlighted"
"171790","Maternal grandsire",338,45.2713609467456,0.869156657556971,0.0228261483486549,0.0561874420889967,1.25036073853902,"Not highlighted"
"180600","Maternal grandsire",85,44.724,0.293145069362296,0.663436200592519,0.744910821717915,0.127895716451727,"Not highlighted"
"180781","Maternal grandsire",303,43.8451485148515,-0.607993209628198,0.107451836648099,0.200565389011322,0.697744009791577,"Not highlighted"
"186756","Maternal grandsire",138,45.186231884058,0.763956305429375,0.182214105329441,0.291542568527105,0.535298024346879,"Not highlighted"
"186967","Maternal grandsire",63,41.3190476190476,-3.13551305040845,0.00136479856379928,0.0041593860991978,2.38097076394181,"Lower BW"
"2544424506","Maternal grandsire",104,43.9336538461538,-0.505458222811669,0.475090583331014,0.596192104572252,0.224613779667708,"Not highlighted"
"2545109367","Maternal grandsire",53,42.6,-1.84392455256671,0.058488838348897,0.120751150139658,0.918108723955927,"Not highlighted"
"426864","Maternal grandsire",52,45.4923076923077,1.06469731939728,0.238614131418341,0.372470839287167,0.428907722465766,"Not highlighted"
"603268","Maternal grandsire",37,45.6702702702703,1.24165574154448,0.407927892721973,0.548691719935029,0.260671593501131,"Not highlighted"
"606045","Maternal grandsire",101,42.1534653465347,-2.30485200776891,0.000929158958405764,0.00330367629655383,2.4810025126554,"Lower BW"
"606192","Maternal grandsire",118,45.2703389830508,0.847485540357127,0.175916297401279,0.288683154709792,0.539578557407906,"Not highlighted"
"606244","Maternal grandsire",420,44.5402380952381,0.111728501306814,0.716950729546678,0.777709265948939,0.109182726650481,"Not highlighted"
"606306","Maternal grandsire",199,44.3572864321608,-0.0778752444859023,0.883852616435398,0.91236399115912,0.0398318636293826,"Not highlighted"
"606318","Maternal grandsire",67,41.1940298507463,-3.26277598804304,9.59263937728735e-05,0.000472253015497223,3.32582526027829,"Lower BW"
"62544424506","Maternal grandsire",45,45.9977777777778,1.57180497555056,0.0430613864732213,0.0950320253202126,1.02213001496324,"Not highlighted"
"6868671111","Maternal grandsire",71,43.9267605633803,-0.510613000455216,0.503233273934703,0.619364029458096,0.208054020583174,"Not highlighted"
"7029225762","Maternal grandsire",62,42.9258064516129,-1.51773141579753,0.135039683170442,0.240070547858563,0.619661116440581,"Not highlighted"
"7402563907","Maternal grandsire",225,44.7737777777778,0.348626560395971,0.459405274257688,0.58803875104984,0.230594053494297,"Not highlighted"
"740640209","Maternal grandsire",78,46.9102564102564,2.4975054968672,0.000311693171720348,0.00124677268688139,2.90421272040436,"Higher BW"
"854062","Maternal grandsire",44,45.6568181818182,1.22907085847771,0.305153156604354,0.44385913687906,0.352754835701866,"Not highlighted"
"854282","Maternal grandsire",78,43.7076923076923,-0.731901502752571,0.294522749455467,0.438359441049998,0.358169635506898,"Not highlighted"
"854282维利纳诺","Maternal grandsire",94,43.2478723404255,-1.19763465634519,0.091032674538853,0.178669218802315,0.747950261460589,"Not highlighted"
"854773威吉吉","Maternal grandsire",128,43.32890625,-1.11987940254969,0.0512691741943038,0.109374238281181,0.961084958531291,"Not highlighted"
"862025瓦特罗","Maternal grandsire",39,37.925641025641,-6.53502885129851,1.76170992684348e-06,1.40936794147479e-05,4.85097561150978,"Lower BW"
"865530","Maternal grandsire",168,42.7270238095238,-1.73759424603175,0.00055454326831295,0.00208769230423699,2.68033350970192,"Lower BW"
"865530狼血","Maternal grandsire",84,40.0035714285714,-4.46995115207373,4.64390710970369e-08,5.94420110042073e-07,6.225906506225,"Lower BW"
"871041","Maternal grandsire",50,44.278,-0.15634326119563,0.858589475178147,0.900815187072154,0.0453643005499742,"Not highlighted"
"871041文尼哥","Maternal grandsire",174,43.7408045977011,-0.705792579280391,0.109684197115567,0.200565389011322,0.697744009791577,"Not highlighted"
"甘露606318","Maternal grandsire",65,42.8138461538462,-1.63096122892023,0.0921263159449436,0.178669218802315,0.747950261460589,"Not highlighted"
