"calf_sex","age_bin","n","age_mid","mean_birth_weight","se"
"female","[24,32.6]",745,26.6818523489933,40.5888590604027,0.214081721528161
"female","(32.6,41.3]",523,36.8830592734226,42.0874569789675,0.262279459595321
"female","(41.3,49.9]",417,46.4343165467626,42.8587050359712,0.257977645410848
"female","(49.9,58.5]",414,54.0914492753623,43.9693236714976,0.299169331971057
"female","(58.5,67.2]",350,62.0787714285714,42.6777142857143,0.31950440249342
"female","(67.2,75.8]",262,71.5828625954199,43.3606106870229,0.359867888983072
"female","(75.8,84.5]",223,80.5540807174888,44.0201793721973,0.409260832249039
"female","(84.5,93.1]",307,88.2606188925081,42.471009771987,0.349074146958857
"female","(93.1,102]",298,97.0512751677852,44.0271812080537,0.338653727356343
"female","(102,110]",87,105.830689655172,43.2494252873563,0.711104260345164
"female","(110,119]",138,114.144347826087,43.2260869565217,0.525281006485769
"male","[24,32.6]",720,26.7679444444444,43.6540277777778,0.255831343060748
"male","(32.6,41.3]",508,36.8927952755906,45.7053149606299,0.28418599813448
"male","(41.3,49.9]",436,46.4205963302752,46.4796788990826,0.319651485870639
"male","(49.9,58.5]",370,54.2101351351351,47.3713513513514,0.36146766920865
"male","(58.5,67.2]",337,62.056528189911,48.486587537092,0.39418836272425
"male","(67.2,75.8]",257,71.9243968871595,47.2385214007782,0.439325482797692
"male","(75.8,84.5]",235,80.7244680851064,47.3548936170213,0.448481341001804
"male","(84.5,93.1]",347,88.0823919308357,46.1040922190202,0.370305198234948
"male","(93.1,102]",267,97.3482397003745,47.350936329588,0.401707572647583
"male","(102,110]",102,106.198725490196,47.2833333333333,0.747585362136984
"male","(110,119]",148,114.271756756757,44.7533783783784,0.588043846102401
