"dam_age_month","calf_sex","pred","se","lower","upper"
24.16,"female",40.388444297235,0.269130166431528,39.8609491710292,40.9159394234408
24.7912785234899,"female",40.4706734659438,0.255060616450639,39.9707546577006,40.9705922741871
25.4225570469799,"female",40.5529019365147,0.241765029373383,40.0790424789428,41.0267613940865
26.0538355704698,"female",40.6351272459207,0.22938401358176,40.1855345793005,41.084719912541
26.6851140939597,"female",40.7173437659673,0.218072228503599,40.2899221981003,41.1447653338344
27.3163926174497,"female",40.7995414833251,0.207986126903211,40.3918886745948,41.2071942920554
27.9476711409396,"female",40.8817050495137,0.199268095918987,40.4911395815125,41.272270517515
28.5789496644295,"female",40.9638128616018,0.192028709688508,40.5874365906123,41.3401891325913
29.2102281879195,"female",41.0458356493216,0.186329283934912,40.6806302528092,41.4110410458341
29.8415067114094,"female",41.1277357441601,0.1821680485779,40.7706863689474,41.4847851193728
30.4727852348993,"female",41.2094681661556,0.179473711154654,40.8576996922925,41.5612366400187
31.1040637583893,"female",41.2909806341786,0.178108878491413,40.9418872323354,41.6400740360217
31.7353422818792,"female",41.3722128928401,0.177882872005075,41.0235624637102,41.7208633219701
32.3666208053691,"female",41.4530967939763,0.178570620125693,41.1030983785299,41.8030952094226
32.9978993288591,"female",41.5335573278727,0.1799327437715,41.1808891500806,41.8862255056648
33.629177852349,"female",41.6135146981925,0.181732765108286,41.2573184785803,41.9697109178048
34.2604563758389,"female",41.69288197999,0.183753443119106,41.3327252314765,42.0530387285034
34.8917348993289,"female",41.7715641599393,0.185807982474687,41.407380514289,42.1357478055897
35.5230134228188,"female",41.8494582356382,0.187746003598768,41.4814760685846,42.2174404026918
36.1542919463087,"female",41.9264540968254,0.189455225970567,41.5551218539231,42.2977863397277
36.7855704697987,"female",42.002434499,0.190861962762087,41.6283450519863,42.3765239460137
37.4168489932886,"female",42.0772758089349,0.191928897805797,41.7010951692356,42.4534564486343
38.0481275167785,"female",42.1508497726467,0.192649908408928,41.7732559521652,42.5284435931282
38.6794060402685,"female",42.223024992313,0.193045142970993,41.8446565120898,42.6013934725361
39.3106845637584,"female",42.2936681193453,0.193156381504629,41.9150816115963,42.6722546270944
39.9419630872483,"female",42.3626455149611,0.193040514715842,41.984286106118,42.7410049238041
40.5732416107383,"female",42.4298248722843,0.192763706355523,42.0520080078275,42.8076417367411
41.2045201342282,"female",42.495076418074,0.192394604947288,42.1179829923773,42.8721698437706
41.8357986577181,"female",42.5582748874075,0.19199934453696,42.181956172115,42.9345936026999
42.4670771812081,"female",42.6193007662523,0.191636558840652,42.2436931109246,42.99490842158
43.098355704698,"female",42.6780408068026,0.191352834920774,42.3029892503579,43.0530923632473
43.7296342281879,"female",42.7343881113361,0.191179482536112,42.3596763255654,43.1090998971069
44.3609127516779,"female",42.7882447412422,0.191131945665385,42.4136261277381,43.1628633547464
44.9921912751678,"female",42.8395235787584,0.191210319042923,42.4647513534343,43.2142958040825
45.6234697986577,"female",42.8881488632192,0.19140072476795,42.513003442674,43.2632942837644
46.2547483221476,"female",42.9340581758282,0.191678421313945,42.5583684700528,43.3097478816035
46.8860268456376,"female",42.9772032589074,0.192011401211049,42.6008609125337,43.353545605281
47.5173053691275,"female",43.01755225002,0.192364998431916,42.6405168530934,43.3945876469465
48.1485838926175,"female",43.0550893087535,0.192705622442696,42.6773862887658,43.4327923287412
48.7798624161074,"female",43.0898149800796,0.193004447911696,42.7115262621727,43.4681036979865
49.4111409395973,"female",43.1217488076866,0.193241483987152,42.7429954990718,43.5005021163015
50.0424194630872,"female",43.1509288789894,0.193407570228096,42.7718500413423,43.5300077166365
50.6736979865772,"female",43.1774094061399,0.193504540851939,42.79814050607,43.5566783062097
51.3049765100671,"female",43.2012605733257,0.193545475245935,42.8219114418436,43.5806097048077
51.936255033557,"female",43.2225694027639,0.193554514789426,42.8432025537766,43.6019362517511
52.567533557047,"female",43.2414401099112,0.193565562571713,42.8620516072707,43.6208286125518
53.1988120805369,"female",43.2579937999413,0.193619742809984,42.8784991040338,43.6374884958489
53.8300906040268,"female",43.2723652785873,0.193760805576722,42.8925940996569,43.6521364575177
54.4613691275168,"female",43.2847005959305,0.194030697496541,42.9044004288372,43.6650007630237
55.0926476510067,"female",43.295154024214,0.194464938459441,42.9140027448335,43.6763053035945
55.7239261744966,"female",43.3038857356858,0.195089120398805,42.9215110597041,43.6862604116674
56.3552046979866,"female",43.3110605950615,0.195917018494771,42.9270632388117,43.6950579513112
56.9864832214765,"female",43.316846379783,0.196949535694707,42.9308252898213,43.7028674697446
57.6177617449664,"female",43.3214121051962,0.198175149655918,42.9329888118706,43.7098353985218
58.2490402684564,"female",43.3249259418489,0.199571684521819,42.9337654401861,43.7160864435117
58.8803187919463,"female",43.3275534788294,0.201108041198812,42.9333817180797,43.721725239579
59.5115973154362,"female",43.3294559868541,0.202746585734636,42.9320726788142,43.726839294894
60.1428758389262,"female",43.3307883849261,0.204446676849591,42.9300728983009,43.7315038715513
60.7741543624161,"female",43.3316976282504,0.206167939900892,42.9276084660446,43.7357867904561
61.405432885906,"female",43.3323223145425,0.207872527483782,42.9248921606743,43.7397524684107
62.036711409396,"female",43.3327904542011,0.209528303398175,42.9221149795407,43.7434659288615
62.6679899328859,"female",43.3332169496482,0.211111701293315,42.9194380151133,43.7469958841831
63.2992684563758,"female",43.3337022008287,0.212609106830713,42.9169883514405,43.7504160502169
63.9305469798658,"female",43.3343323357946,0.214016491564762,42.9148600123276,43.7538046592615
64.5618255033557,"female",43.3351794704212,0.215338347203415,42.9131163099025,43.7572426309399
65.1931040268456,"female",43.3363025507784,0.216585775395484,42.9117944310033,43.7608106705536
65.8243825503356,"female",43.3377463522249,0.217775094964412,42.9109071660947,43.7645855383552
66.4556610738255,"female",43.339543909669,0.218924516974424,42.9104518563991,43.7686359629389
67.0869395973154,"female",43.3417178611077,0.220051445636452,42.9104170276602,43.7730186945551
67.7182181208054,"female",43.3442786014748,0.221171403361604,42.9107826508861,43.7777745520635
68.3494966442953,"female",43.3472251956427,0.222295858928201,42.9115253121435,43.782925079142
68.9807751677852,"female",43.3505471600128,0.223430133581427,42.9126240981932,43.7884702218324
69.6120536912752,"female",43.3542246106827,0.224572739072205,42.9140620421012,43.7943871792642
70.2433322147651,"female",43.358227359975,0.22571599271457,42.9158240142544,43.8006307056955
70.874610738255,"female",43.3625155563374,0.226846419212173,42.9178965746815,43.8071345379932
71.505889261745,"female",43.3670423116151,0.227944652288624,42.9202707931294,43.8138138301008
72.1371677852349,"female",43.371753970396,0.228987844928605,42.922937794336,43.8205701464561
72.7684463087248,"female",43.3765916056755,0.229951344986406,42.9258869695022,43.8272962418489
73.3997248322148,"female",43.3814929973462,0.230810244729584,42.9291049176763,43.8338810770162
74.0310033557047,"female",43.3863941277169,0.231541355939817,42.9325730700748,43.8402151853589
74.6622818791946,"female",43.3912307242851,0.232125199730661,42.936265332813,43.8461961157572
75.2935604026846,"female",43.3959396890266,0.232548194205317,42.9401452283842,43.851734149669
75.9248389261745,"female",43.4004603544911,0.232803662266518,42.9441651764487,43.8567555325335
76.5561174496644,"female",43.4047357657042,0.23289273638076,42.9482660023979,43.8612055290105
77.1873959731544,"female",43.4087130854206,0.232823686650523,42.9523786595856,43.8650475112556
77.8186744966443,"female",43.4123424232725,0.232608934369409,42.9564289119084,43.8682559346365
78.4499530201342,"female",43.4155786419253,0.232266038312698,42.9603372068324,43.8708200770182
79.0812315436242,"female",43.4183832841533,0.231818609907967,42.9640188087337,43.8727477595729
79.7125100671141,"female",43.420724105512,0.23129424065546,42.9673873938273,43.8740608171967
80.343788590604,"female",43.4225758145528,0.230723350403201,42.9703580477626,43.8747935813431
80.975067114094,"female",43.4239208288497,0.230137922435038,42.972850500877,43.8749911568223
81.6063456375839,"female",43.4247489512319,0.229569274323045,42.9747931735587,43.874704728905
82.2376241610738,"female",43.4250569838621,0.229045962910457,42.9761268965576,43.8739870711666
82.8689026845637,"female",43.4248484675184,0.228592107442454,42.9768079369312,43.8728889981056
83.5001812080537,"female",43.4241340582496,0.228226597636775,42.9768099268816,43.8714581896177
84.1314597315436,"female",43.4229326631244,0.227963369215852,42.9761244594613,43.8697408667874
84.7627382550336,"female",43.4212713519922,0.227811337560074,42.9747611303745,43.86778157361
85.3940167785235,"female",43.4191828401253,0.227773102908581,42.9727475584245,43.8656181218261
86.0252953020134,"female",43.4167047344329,0.227845696521689,42.9701271692504,43.8632822996154
86.6565738255034,"female",43.4138790474914,0.228022229372081,42.9669554779221,43.8608026170607
87.2878523489933,"female",43.4107515633556,0.228293910834466,42.9632954981201,43.8582076285912
87.9191308724832,"female",43.4073706373348,0.228651442880096,42.9592138092898,43.8555274653797
88.5504093959731,"female",43.4037861169198,0.229086257551892,42.9547770521181,43.8527951817215
89.1816879194631,"female",43.4000484598769,0.229592009541682,42.9500481211752,43.8500487985786
89.812966442953,"female",43.3962079793927,0.230167260434092,42.9450801489419,43.8473358098435
90.444244966443,"female",43.3923140113016,0.230817281973871,42.9399121386328,43.8447158839704
91.0755234899329,"female",43.3884142973414,0.231553738629042,42.9345689696284,43.8422596250543
91.7068020134228,"female",43.3845541616035,0.232394782105119,42.9290603886774,43.8400479345295
92.3380805369127,"female",43.3807759355705,0.233364023876412,42.9233824487727,43.8381694223683
92.9693590604027,"female",43.3771183963075,0.234488976929256,42.9175200015262,43.8367167910889
93.6006375838926,"female",43.3736158506917,0.235799430953206,42.9114489660234,43.83578273536
94.2319161073825,"female",43.3702973849074,0.237325142308487,42.9051401059828,43.835454663832
94.8631946308725,"female",43.3671868571475,0.239092570708824,42.8985654185582,43.8358082957368
95.4944731543624,"female",43.3643030971707,0.241121811814352,42.8917043460145,43.8369018483268
96.1257516778523,"female",43.361660452572,0.243423995093436,42.8845494221889,43.8387714829552
96.7570302013423,"female",43.3592684489617,0.246000367158261,42.8771077293315,43.8414291685919
97.3883087248322,"female",43.3571313820843,0.248842468523733,42.8694001437778,43.8448626203908
98.0195872483221,"female",43.355248422457,0.251933077340617,42.8614595908694,43.8490372540446
98.6508657718121,"female",43.3536141722697,0.2552478927037,42.8533283025704,43.8539000419689
99.282144295302,"female",43.3522195506448,0.258757840791914,42.8450541826926,43.859384918597
99.9134228187919,"female",43.3510525571284,0.262432060272215,42.8366857189949,43.865419395262
100.544701342282,"female",43.3500987788807,0.26624177295901,42.828264903881,43.8719326538803
101.175979865772,"female",43.3493417852492,0.270164590502051,42.8198191878651,43.8788643826332
101.807258389262,"female",43.348763547503,0.27418885235282,42.8113533968915,43.8861736981146
102.438536912752,"female",43.3483450265158,0.278317060249722,42.8028435884264,43.8938464646053
103.069815436242,"female",43.3480667533269,0.282567516955347,42.7942344200944,43.9018990865593
103.701093959732,"female",43.347909336398,0.286976212666715,42.7854359595713,43.9103827132248
104.332372483221,"female",43.3478538034195,0.291596696875114,42.7763242775443,43.9193833292947
104.963651006711,"female",43.3478817665381,0.296498025392751,42.7667456367683,43.9290178963079
105.594929530201,"female",43.3479754952454,0.301762096684136,42.7565217857445,43.9394292047464
106.226208053691,"female",43.348118274835,0.307482185727912,42.7454531908083,43.9507833588617
106.857486577181,"female",43.3482945068585,0.313759557043735,42.7333257750528,43.9632632386642
107.488765100671,"female",43.3484895672212,0.320698656156751,42.719920201154,43.9770589332884
108.120043624161,"female",43.3486898806023,0.328402849067041,42.7050202964309,43.9923594647736
108.751322147651,"female",43.3488831342579,0.336970305557103,42.6884213353659,44.0093449331498
109.382600671141,"female",43.3490583467598,0.346489536177038,42.6699388558528,44.0281778376668
110.013879194631,"female",43.3492065234894,0.357036047075511,42.6494158712214,44.0489971757574
110.645157718121,"female",43.3493208259985,0.368668440568291,42.6267306824847,44.0719109695124
111.276436241611,"female",43.349396812263,0.381425396908439,42.6018030343225,44.0969905902035
111.907714765101,"female",43.3494322634907,0.395323451107096,42.5745982993208,44.1242662276606
112.538993288591,"female",43.3494271046642,0.410356365598037,42.545128628092,44.1537255812363
113.170271812081,"female",43.3493831664347,0.426495871720294,42.5134512578629,44.1853150750065
113.80155033557,"female",43.3493035934042,0.443693592694657,42.4796641517227,44.2189430350857
114.43282885906,"female",43.3491927784658,0.46188458111703,42.4438989994765,44.2544865574552
115.06410738255,"female",43.349056189476,0.480991830504183,42.4063122016878,44.2918001772642
115.69538590604,"female",43.3488998206862,0.500930605995689,42.3670758329346,44.3307238084378
116.32666442953,"female",43.3487296227042,0.521612285347738,42.3263695434226,44.3710897019858
116.95794295302,"female",43.3485509966804,0.542949416316591,42.2843701406999,44.412731852661
117.58922147651,"female",43.3483682131815,0.564860862256299,42.2412409231592,44.4554955032039
118.2205,"female",43.3481840652972,0.587275477287397,42.1971241298139,44.4992440007805
24.16,"male",43.3681131014422,0.295416298167965,42.7890971570329,43.9471290458514
24.7912785234899,"male",43.4737573176717,0.276636359249126,42.9315500535435,44.0159645818
25.4225570469799,"male",43.5793896905088,0.259032186958937,43.0716866040692,44.0870927769483
26.0538355704698,"male",43.6849817110684,0.242869523754448,43.2089574445097,44.1610059776271
26.6851140939597,"male",43.7904885802356,0.228448307730545,43.3427298970837,44.2382472633874
27.3163926174497,"male",43.8958519188417,0.216074899320015,43.4723451161745,44.319358721509
27.9476711409396,"male",44.0010034486657,0.206021652553958,43.59720100966,44.4048058876715
28.5789496644295,"male",44.1058681037406,0.198478361429662,43.7168505153385,44.4948856921427
29.2102281879195,"male",44.2103664851215,0.193505492910822,43.8310957190163,44.5896372512267
29.8415067114094,"male",44.3144173426851,0.191004497877818,43.9400485268446,44.6887861585256
30.4727852348993,"male",44.4179397173975,0.190718436756275,44.0441315813552,44.7917478534398
31.1040637583893,"male",44.5208545829254,0.192264852836734,44.1440154713654,44.8976936944853
31.7353422818792,"male",44.6230862528177,0.195189044169717,44.2405157262451,45.0056567793904
32.3666208053691,"male",44.7245633395138,0.199019449701575,44.3344852180987,45.1146414609289
32.9978993288591,"male",44.8252188206621,0.203310511218543,44.4267302186737,45.2237074226504
33.629177852349,"male",44.9249892095484,0.207667775802696,44.5179603689751,45.3320180501217
34.2604563758389,"male",45.0238168688759,0.211765724103395,44.6087560496332,45.4388776881185
34.8917348993289,"male",45.1216513301242,0.215354733648089,44.6995560521739,45.5437466080744
35.5230134228188,"male",45.2184497178999,0.218260446334495,44.7906592430843,45.6462401927155
36.1542919463087,"male",45.3141764486105,0.220378668112954,44.8822342591091,45.7461186381119
36.7855704697987,"male",45.4088038726234,0.221671500636404,44.9743277313761,45.8432800138708
37.4168489932886,"male",45.5023121039221,0.222160928691875,45.066876683686,45.9377475241581
38.0481275167785,"male",45.5946875656349,0.221918711707667,45.1597268906878,46.0296482405819
38.6794060402685,"male",45.6859219829495,0.221057648777111,45.2526489913464,46.1191949745526
39.3106845637584,"male",45.7760118076256,0.21972345668588,45.3453538325213,46.2066697827299
39.9419630872483,"male",45.8649567370188,0.218082942659749,45.4375141694057,46.2923993046319
40.5732416107383,"male",45.9527585210794,0.21631259461376,45.5287858356364,46.3767312065223
41.2045201342282,"male",46.0394195707258,0.21458478770403,45.6188333868259,46.4600057546257
41.8357986577181,"male",46.1249415886681,0.213056186183568,45.7073514637483,46.5425317135879
42.4670771812081,"male",46.2093244717672,0.211855989151393,45.7940867330305,46.624562210504
43.098355704698,"male",46.2925654739259,0.211075486936113,45.8788575195311,46.7062734283206
43.7296342281879,"male",46.3746586884934,0.2107611149957,45.9615669031018,46.787750473885
44.3609127516779,"male",46.4555932942194,0.210913722366219,46.0422023983816,46.8689841900572
44.9921912751678,"male",46.5353521912475,0.211491944152798,46.120827980708,46.949876401787
45.6234697986577,"male",46.6139113711303,0.212418875383297,46.197570375379,47.0302523668816
46.2547483221476,"male",46.691238450697,0.213592792136697,46.2725965781091,47.1098803232849
46.8860268456376,"male",46.7672919466581,0.214898835481519,46.3460902291143,47.1884936642019
47.5173053691275,"male",46.8420196608948,0.216221958343404,46.4182246225417,47.2658146992479
48.1485838926175,"male",46.9153588199148,0.217456929992875,46.4891432371288,47.3415744027009
48.7798624161074,"male",46.9872357718364,0.218517068329738,46.5589423179102,47.4155292257627
49.4111409395973,"male",47.0575642500158,0.219342798644805,46.6276523646719,47.4874761353596
50.0424194630872,"male",47.1262457364172,0.219905196012848,46.695231552232,47.5572599206023
50.6736979865772,"male",47.1931711849851,0.220205379703313,46.7615686407666,47.6247737292036
51.3049765100671,"male",47.2582213413822,0.220273995648563,46.826484309911,47.6899583728534
51.936255033557,"male",47.3212665036785,0.220169714444842,46.8897338633666,47.7527991439904
52.567533557047,"male",47.3821667946025,0.219975268874264,46.951015267609,47.8133183215961
53.1988120805369,"male",47.4407729571927,0.219790725640518,47.0099831349373,47.8715627794482
53.8300906040268,"male",47.4969288669717,0.219722406917284,47.0662729494138,47.9275847845295
54.4613691275168,"male",47.550473669967,0.219872008336232,47.119524533628,47.981422806306
55.0926476510067,"male",47.6012439903377,0.22032540259615,47.1694062012492,48.0330817794262
55.7239261744966,"male",47.6490759317721,0.221143953987839,47.2156337819559,48.0825180815882
56.3552046979866,"male",47.6938068235187,0.222359534679214,47.2579821355474,48.12963151149
56.9864832214765,"male",47.7352773057397,0.223972060188643,47.29629206777,48.1742625437095
57.6177617449664,"male",47.773333806468,0.225950913617326,47.3304700157781,48.216197597158
58.2490402684564,"male",47.8078317848784,0.228239841085649,47.3604816963506,48.2551818734063
58.8803187919463,"male",47.8386372101691,0.230762400316761,47.3863429055483,48.29093151479
59.5115973154362,"male",47.8656280672367,0.233428868688428,47.4081074846074,48.323148649866
60.1428758389262,"male",47.8886972541198,0.236145174208823,47.4258527126705,48.3515417955691
60.7741543624161,"male",47.9077546035684,0.238820898125489,47.4396656432425,48.3758435638944
61.405432885906,"male",47.9227266317802,0.241374694362565,47.4496322308295,48.3958210327308
62.036711409396,"male",47.9335600561879,0.243741102108691,47.4558274960549,48.411292616321
62.6679899328859,"male",47.940225999226,0.245876307303883,47.4583084369104,48.4221435615416
63.2992684563758,"male",47.9427221852614,0.247760605395762,47.4571113986857,48.4283329718371
63.9305469798658,"male",47.9410723208879,0.249397111178035,47.452253982979,48.4298906587969
64.5618255033557,"male",47.9353255808109,0.250808942607702,47.4437400532998,48.426911108322
65.1931040268456,"male",47.9255551644008,0.252034607919767,47.431567332878,48.4195429959235
65.8243825503356,"male",47.9118603204113,0.253124330550628,47.4157366325321,48.4079840082906
66.4556610738255,"male",47.8943620903686,0.254132403426292,47.3962625796531,48.3924616010841
67.0869395973154,"male",47.8732011486276,0.255110747937315,47.3731840826704,48.3732182145847
67.7182181208054,"male",47.8485416814565,0.256105624490111,47.3465746574559,48.3505087054571
68.3494966442953,"male",47.8205700534572,0.257152248038788,47.3165516473012,48.3245884596132
68.9807751677852,"male",47.7894917727848,0.258269799317932,47.2832829661217,48.295700579448
69.6120536912752,"male",47.7555317375515,0.259459529149906,47.2469910604177,48.2640724146853
70.2433322147651,"male",47.7189367769601,0.260705714937979,47.2079535756816,48.2299199782385
70.874610738255,"male",47.6799749243673,0.261976712600631,47.1665005676701,48.1934492810646
71.505889261745,"male",47.6389303266927,0.263225531465067,47.1230082850211,48.1548523683642
72.1371677852349,"male",47.5961034728676,0.264395546012631,47.0778882026828,48.1143187430523
72.7684463087248,"male",47.5518083227552,0.265425036465018,47.0315752512837,48.0720413942266
73.3997248322148,"male",47.5063681451619,0.266251527631892,46.9845151510034,48.0282211393204
74.0310033557047,"male",47.460112291061,0.26681686398279,46.9371512376547,47.9830733444673
74.6622818791946,"male",47.4133726641153,0.267072178041589,46.8899111951538,47.9368341330768
75.2935604026846,"male",47.3664803311629,0.266983102507702,46.8431934502479,47.889767212078
75.9248389261745,"male",47.3197620980145,0.266532419214077,46.7973585563549,47.8421656396741
76.5561174496644,"male",47.2735368505497,0.265722337136555,46.752721069762,47.7943526313373
77.1873959731544,"male",47.2281138405952,0.264573370155237,46.7095500350909,47.7466776460994
77.8186744966443,"male",47.1837948538716,0.263118265354125,46.6680830537775,47.6995066539657
78.4499530201342,"male",47.1408685131083,0.261403978946931,46.6285167143723,47.6532203118443
79.0812315436242,"male",47.0996040234821,0.259493337725534,46.5909970815401,47.6082109654242
79.7125100671141,"male",47.0602514522368,0.257460295169934,46.5556292737037,47.5648736307699
80.343788590604,"male",47.0230379098267,0.255386717524517,46.5224799434787,47.5235958761748
80.975067114094,"male",46.98816357581,0.253358566296282,46.4915807858693,47.4847463657507
81.6063456375839,"male",46.9558010765312,0.251459781630211,46.462939904536,47.4486622485265
82.2376241610738,"male",46.9260950251628,0.24976620471458,46.4365532639222,47.4156367864033
82.8689026845637,"male",46.8991609712131,0.248340287804637,46.4124140071161,47.3859079353102
83.5001812080537,"male",46.8750810760041,0.24722771522457,46.390514754164,47.3596473978443
84.1314597315436,"male",46.8538950639183,0.246456532798845,46.3708402596326,47.336949868204
84.7627382550336,"male",46.8355969980524,0.246036397239765,46.3533656594625,47.3178283366424
85.3940167785235,"male",46.820145646614,0.245956412273253,46.3380710785585,47.3022202146696
86.0252953020134,"male",46.8074645974143,0.246187685290122,46.3249367342457,47.289992460583
86.6565738255034,"male",46.7974403784808,0.246688390316165,46.3139311334611,47.2809496235005
87.2878523489933,"male",46.7899213812821,0.247410058666393,46.3049976662959,47.2748450962682
87.9191308724832,"male",46.784722710287,0.248302739451956,46.2980493409612,47.2713960796129
88.5504093959731,"male",46.7816318684121,0.24931961525321,46.2929654225158,47.2702983143084
89.1816879194631,"male",46.7804125134094,0.250421802976475,46.2895857795755,47.2712392472433
89.812966442953,"male",46.780801523145,0.25158533643704,46.2876942637284,47.2739087825616
90.444244966443,"male",46.7825088046073,0.25280580089527,46.2870094348526,47.2780081743621
91.0755234899329,"male",46.7852236976111,0.254097812187763,46.2871919857231,47.2832554094991
91.7068020134228,"male",46.7886172800892,0.255494921626996,46.2878472337003,47.2893873264781
92.3380805369127,"male",46.7923461743843,0.257046555190978,46.28853492621,47.2961574225587
92.9693590604027,"male",46.7960562254639,0.258813318697537,46.2887821208168,47.3033303301111
93.6006375838926,"male",46.7993857762309,0.260861686946839,46.2880968698151,47.3106746826467
94.2319161073825,"male",46.8019695614401,0.263256774444069,46.2859862835298,47.3179528393505
94.8631946308725,"male",46.8034435046934,0.266052898284537,46.2819798240557,47.3249071853311
95.4944731543624,"male",46.8034488197969,0.269284797254817,46.2756506171775,47.3312470224164
96.1257516778523,"male",46.8016353662935,0.272960446119522,46.2666328918992,47.3366378406878
96.7570302013423,"male",46.7976668080063,0.277058069358952,46.2546329920628,47.3407006239499
97.3883087248322,"male",46.79122662565,0.281526172837904,46.2394353268877,47.3430179244123
98.0195872483221,"male",46.7820232262596,0.286285974775086,46.2209027157005,47.3431437368188
98.6508657718121,"male",46.769792853836,0.2912360383661,46.1989702186384,47.3406154890335
99.282144295302,"male",46.7543001459568,0.296258570099829,46.1736333485611,47.3349669433524
99.9134228187919,"male",46.7353381032961,0.301227105972467,46.1449329755901,47.3257432310021
100.544701342282,"male",46.7127306589641,0.30601580819754,46.1129396748969,47.3125216430313
101.175979865772,"male",46.6863363350321,0.310509487126397,46.0777377402644,47.2949349297999
101.807258389262,"male",46.6560522955976,0.314613714459361,46.0394094152573,47.272695175938
102.438536912752,"male",46.6218153041765,0.318263335463635,45.9980191666677,47.2456114416852
103.069815436242,"male",46.583597020534,0.321427621123089,45.9535988831327,47.2135951579352
103.701093959732,"male",46.541405327123,0.324116771758532,45.9061364544763,47.1766741997697
104.332372483221,"male",46.4952806726936,0.326384965094396,45.8555661411086,47.1349952042787
104.963651006711,"male",46.4452882393556,0.328329972387557,45.801761493476,47.0888149852353
105.594929530201,"male",46.3915115484998,0.330092017507613,45.7445311941849,47.0384919028147
106.226208053691,"male",46.334055847359,0.331855893721545,45.6836182956648,46.9844933990533
106.857486577181,"male",46.2730466536676,0.333848426496387,45.6187037377347,46.9273895696005
107.488765100671,"male",46.2086243173414,0.33633127112163,45.549415025943,46.8678336087398
108.120043624161,"male",46.1409429092044,0.339592768885148,45.4753410821895,46.8065447362193
108.751322147651,"male",46.0701710739678,0.343937053145762,45.3960544498022,46.7442876981335
109.382600671141,"male",45.996490802227,0.349668576660308,45.3111403919728,46.6818412124812
110.013879194631,"male",45.9201017556986,0.357075978055563,45.2202328387096,46.6199706726875
110.645157718121,"male",45.8412203166236,0.366411979968452,45.1230528358854,46.5593877973618
111.276436241611,"male",45.7600787185916,0.377874857898195,45.0194439971111,46.5007134400721
111.907714765101,"male",45.676921131911,0.39159359699188,44.9093976818069,46.4444445820151
112.538993288591,"male",45.5919998324441,0.407620647782675,44.7930633627901,46.3909363020981
113.170271812081,"male",45.5055708962387,0.425932567919968,44.6707430631156,46.3403987293619
113.80155033557,"male",45.4178892520217,0.446437731274856,44.542871298723,46.2929072053205
114.43282885906,"male",45.3292018187031,0.468990050412295,44.409981319895,46.2484223175112
115.06410738255,"male",45.2397389888939,0.493405673878122,44.2726638680928,46.206814109695
115.69538590604,"male",45.1497108944706,0.519479100899191,44.1315318567082,46.167889932233
116.32666442953,"male",45.0593066782373,0.546996868644792,43.9871928156935,46.1314205407811
116.95794295302,"male",44.9686837083455,0.575751698725666,43.8402103788432,46.0971570378478
117.58922147651,"male",44.8779571593605,0.605555251467226,43.6910688664847,46.0648454522363
118.2205,"male",44.7871976063321,0.636246433546607,43.5401545965808,46.0342406160835
