"calf_birth_year","calf_birth_season","n","mean_age","se_age","mean_birth_weight","se_birth_weight","lower_tail_rate","upper_tail_rate","tail_burden","label","ci_age","ci_birth_weight"
"2023","Spring",691,57.200998552822,0.915965073687137,44.4895803183792,0.216554170491101,0.0868306801736614,0.0564399421128799,0.143270622286541,"2023-Spr",1.79529154442679,0.424446174162557
"2023","Summer",552,58.5620289855072,1.10841379759018,42.8048913043478,0.29908127115237,0.164855072463768,0.0615942028985507,0.226449275362319,"2023-Sum",2.17249104327676,0.586199291458644
"2023","Autumn",525,61.6635238095238,1.1882914908912,43.9184761904762,0.289196676135831,0.106666666666667,0.0990476190476191,0.205714285714286,"2023-Aut",2.32905132214676,0.56682548522623
"2023","Winter",721,54.1743273231623,1.00012993001143,45.2377253814147,0.169238330404459,0.0319001386962552,0.0596393897364771,0.0915395284327323,"2023-Win",1.9602546628224,0.33170712759274
"2024","Spring",712,60.0915308988764,1.00102084861369,44.3095224719101,0.252189579601463,0.0969101123595506,0.0898876404494382,0.186797752808989,"2024-Spr",1.96200086328283,0.494291576018867
"2024","Summer",443,71.1413769751693,1.23325730684033,42.6602708803612,0.320467646755568,0.160270880361174,0.0586907449209932,0.218961625282167,"2024-Sum",2.41718432140704,0.628116587640913
"2024","Winter",675,54.8719555555556,1.08098208454319,45.9380740740741,0.232058840878432,0.04,0.124444444444444,0.164444444444444,"2024-Win",2.11872488570466,0.454835328121726
"2025","Spring",839,57.7313230035757,1.03625725319625,44.8143027413588,0.216836536961276,0.0762812872467223,0.0917759237187128,0.168057210965435,"2025-Spr",2.03106421626465,0.424999612444101
"2025","Summer",571,66.2171453590193,1.44117606597897,42.968476357268,0.294937845124448,0.175131348511384,0.0805604203152364,0.25569176882662,"2025-Sum",2.82470508931879,0.578078176443917
"2025","Autumn",761,61.6076741130092,1.18488760980604,44.8805519053876,0.249761876248351,0.0867279894875164,0.127463863337714,0.21419185282523,"2025-Aut",2.32237971521985,0.489533277446769
"2025","Winter",258,72.369496124031,1.70034544350578,47.1332558139535,0.453081291990672,0.062015503875969,0.263565891472868,0.325581395348837,"2025-Win",3.33267706927133,0.888039332301716
"2026","Spring",740,56.5579189189189,1.17686080217042,42.364027027027,0.278412694304625,0.181081081081081,0.0824324324324324,0.263513513513514,"2026-Spr",2.30664717225403,0.545688880837065
"2026","Summer",125,60.15648,2.88254915467363,40.8216,0.730267811237105,0.264,0.064,0.328,"2026-Sum",5.64979634316032,1.43132491002473
"2026","Winter",343,65.0239358600583,1.58590844648177,48.4758017492711,0.421578275041458,0.0379008746355685,0.250728862973761,0.288629737609329,"2026-Win",3.10838055510426,0.826293419081258
