"service_sire","n","raw_mean_birth_weight","SD","SE","lower_tail_rate","upper_tail_rate","label_type","label","maternal_grandsire","rank","keep","label_plot","low","high"
NA,84,40.0035714285714,6.79169312653016,0.741034472600851,0.238095238095238,0.0119047619047619,"Maternal-grandsire label","865530狼血","865530狼血",1,TRUE,"865530狼血",38.5511438622737,41.4559989948691
NA,67,41.1940298507463,6.41019265528606,0.783129674913166,0.238805970149254,0.0298507462686567,"Maternal-grandsire label","606318","606318",2,TRUE,"606318",39.6590956879165,42.7289640135761
NA,63,41.3190476190476,7.40433301962019,0.932858275915188,0.206349206349206,0.0158730158730159,"Maternal-grandsire label","186967","186967",3,TRUE,"186967",39.4906453982538,43.1474498398414
NA,101,42.1534653465347,6.75453276483926,0.672101130350697,0.118811881188119,0.0396039603960396,"Maternal-grandsire label","606045","606045",4,TRUE,"606045",40.8361471310473,43.4707835620221
NA,53,42.6,6.92173277549665,0.950773117544345,0.150943396226415,0.0754716981132075,"Maternal-grandsire label","2545109367","2545109367",5,TRUE,"2545109367",40.7364846896131,44.4635153103869
NA,168,42.7270238095238,6.33570100753774,0.488809944910637,0.125,0.0535714285714286,"Maternal-grandsire label","865530","865530",6,TRUE,"865530",41.768956317499,43.6850913015486
NA,65,42.8138461538462,7.67039513574506,0.951395424856495,0.2,0.107692307692308,"Maternal-grandsire label","甘露606318","甘露606318",7,TRUE,"甘露606318",40.9491111211275,44.6785811865649
NA,62,42.9258064516129,7.87196593613246,0.999740673629996,0.145161290322581,0.0483870967741935,"Maternal-grandsire label","7029225762","7029225762",8,TRUE,"7029225762",40.9663147312981,44.8852981719277
NA,85,44.724,6.15489414244972,0.667592002073492,0.0941176470588235,0.0705882352941176,"Maternal-grandsire label","180600","180600",21,TRUE,"180600",43.415519675936,46.032480324064
NA,225,44.7737777777778,6.97624006158227,0.465082670772151,0.111111111111111,0.102222222222222,"Maternal-grandsire label","7402563907","7402563907",22,TRUE,"7402563907",43.8622157430644,45.6853398124912
NA,138,45.186231884058,6.64298314868557,0.565488278903891,0.0869565217391304,0.115942028985507,"Maternal-grandsire label","186756","186756",23,TRUE,"186756",44.0778748574064,46.2945889107096
NA,118,45.2703389830508,6.71835487242232,0.618474696958551,0.0677966101694915,0.135593220338983,"Maternal-grandsire label","606192","606192",24,TRUE,"606192",44.058128577012,46.4825493890896
NA,338,45.2713609467456,6.86574630512256,0.373447366942973,0.0946745562130177,0.133136094674556,"Maternal-grandsire label","171790","171790",25,TRUE,"171790",44.5394041075374,46.0033177859538
NA,52,45.4923076923077,6.41966483010757,0.890247335240218,0.0384615384615385,0.134615384615385,"Maternal-grandsire label","426864","426864",26,TRUE,"426864",43.7474229152369,47.2371924693785
NA,132,46.075,5.68347510885524,0.494683012316037,0.0303030303030303,0.0984848484848485,"Maternal-grandsire label","163940","163940",27,TRUE,"163940",45.1054212958606,47.0445787041394
NA,78,46.9102564102564,5.81428133700696,0.658337722794852,0,0.192307692307692,"Maternal-grandsire label","740640209","740640209",28,TRUE,"740640209",45.6199144735785,48.2005983469343
"41221179",54,37.3981481481481,8.69140739717543,1.18275073720728,0.37037037037037,0.0185185185185185,"Service sire","41221179",NA,1,TRUE,"41221179",35.0799567032218,39.7163395930744
"41422157",67,41.0626865671642,5.97248326153889,0.72965496148954,0.17910447761194,0.0149253731343284,"Service sire","41422157",NA,2,TRUE,"41422157",39.6325628426447,42.4928102916837
"41120238",240,41.5466666666667,7.40149745488144,0.477764606329207,0.208333333333333,0.0625,"Service sire","41120238",NA,3,TRUE,"41120238",40.6102480382615,42.4830852950719
"171206",191,41.6638743455497,6.43842933321976,0.465868396348764,0.204188481675393,0.0471204188481675,"Service sire","171206",NA,4,TRUE,"171206",40.7507722887061,42.5769764023933
"863302",205,41.8551219512195,7.24973533051421,0.50634347911422,0.229268292682927,0.0585365853658537,"Service sire","863302",NA,5,TRUE,"863302",40.8626887321556,42.8475551702834
"863025",74,42.6540540540541,6.8483612516174,0.796105824765189,0.162162162162162,0.0540540540540541,"Service sire","863025",NA,6,TRUE,"863025",41.0936866375143,44.2144214705939
"15620193",85,42.8082352941176,6.30482075128884,0.683853826020826,0.129411764705882,0.0588235294117647,"Service sire","15620193",NA,7,TRUE,"15620193",41.4678817951168,44.1485887931184
"22220785",387,43.1459948320413,6.62983547103774,0.337013476957882,0.118863049095607,0.0568475452196382,"Service sire","22220785",NA,8,TRUE,"22220785",42.4854484172039,43.8065412468788
"22218621",450,45.5935555555556,6.47841908440706,0.305395604396838,0.0755555555555556,0.12,"Service sire","22218621",NA,22,TRUE,"22218621",44.9949801709378,46.1921309401734
"15618075",219,45.9164383561644,6.96406925949183,0.470588190440146,0.0730593607305936,0.159817351598174,"Service sire","15618075",NA,23,TRUE,"15618075",44.9940855029017,46.8387912094271
"862025瓦特罗",529,45.9308884688091,6.06663235958805,0.263766624329915,0.0359168241965974,0.119092627599244,"Service sire","862025瓦特罗",NA,24,TRUE,"862025瓦特罗",45.4139058851225,46.4478710524957
"7029225762",66,46.0742424242424,2.97493687617896,0.366189415658267,0.0303030303030303,0.0454545454545455,"Service sire","7029225762",NA,25,TRUE,"7029225762",45.3565111695522,46.7919736789326
"FR7045049997",138,46.45,5.53972053894734,0.47157232873573,0.0144927536231884,0.115942028985507,"Service sire","FR7045049997",NA,26,TRUE,"FR7045049997",45.525718235678,47.374281764322
"65123933",76,46.7026315789474,7.83707383631094,0.898974022777526,0.105263157894737,0.328947368421053,"Service sire","65123933",NA,27,TRUE,"65123933",44.9406424943034,48.4646206635913
"41121286",440,46.9602727272727,7.96723643539451,0.379823094041153,0.075,0.236363636363636,"Service sire","41121286",NA,28,TRUE,"41121286",46.215819462952,47.7047259915934
"41121296",111,47.6682882882883,7.99713060744277,0.759054045913134,0.0630630630630631,0.216216216216216,"Service sire","41121296",NA,29,TRUE,"41121296",46.1805423582986,49.156034218278
