"model","OR","CI_low","CI_high","estimate","std_error","statistic","p_value","term","note","phenotype","term_clean","term_group"
"lower_tail_main",0.851835180404687,0.667078629026166,1.08776258600037,-0.160362221095971,0.124737313429303,-1.28559944644678,0.198582890037792,"parity_group1","GLMM","Lower-tail phenotype","parity_group1","Season"
"lower_tail_main",1.78660857499789,1.54023324541612,2.07239404145806,0.58031917189229,0.0757067902413012,7.6653516817003,1.78341850340527e-14,"parity_group2","GLMM","Lower-tail phenotype","Parity 2 vs 1","Parity"
"lower_tail_main",1.12547471404047,0.947356919235496,1.33708141696657,0.118204914688883,0.0879001412448141,1.34476364901014,0.178701572735492,"parity_group3","GLMM","Lower-tail phenotype","Parity 3 vs 1","Parity"
"lower_tail_main",0.866627845694364,0.716263025660615,1.04855869425922,-0.143145638073509,0.0972256056793068,-1.47230389642073,0.140938831589864,"parity_group4","GLMM","Lower-tail phenotype","Parity 4 vs 1","Parity"
"lower_tail_main",0.906536536717291,0.739452377293885,1.11137446796897,-0.0981239443404579,0.103939516880243,-0.944048493639955,0.345144867940673,"parity_group5","GLMM","Lower-tail phenotype","Parity 5 vs 1","Parity"
"lower_tail_main",0.852472930445708,0.693735438814055,1.04753203668679,-0.159613823471471,0.105127948860793,-1.51828153408402,0.128943440783826,"parity_group6","GLMM","Lower-tail phenotype","Parity 6 vs 1","Parity"
"lower_tail_main",0.779300290612474,0.681768785254576,0.890784318794992,-0.249358825217929,0.068217284671413,-3.65536134161648,0.000256819988529009,"calf_birth_year1","GLMM","Lower-tail phenotype","Year 1 vs 2023","Year"
"lower_tail_main",1.05773792047268,0.932153044369956,1.20024229407745,0.0561325905317319,0.0644851314346941,0.870473383288037,0.384041758787174,"calf_birth_year2","GLMM","Lower-tail phenotype","Year 2 vs 2023","Year"
"lower_tail_main",0.75252376133278,0.664037048060891,0.852801832403946,-0.284322706335667,0.0638237905378103,-4.45480758726215,8.39684667297766e-06,"calf_birth_year3","GLMM","Lower-tail phenotype","Year 3 vs 2023","Year"
"lower_tail_main",1.20119938203412,1.03563858015057,1.39322731216654,0.183320542669798,0.0756644492638424,2.42280944952838,0.0154010026436053,"calf_birth_season1","GLMM","Lower-tail phenotype","1 vs Spring","Season"
"lower_tail_main",0.955859110204499,0.840123947076242,1.08753790644896,-0.0451447510544655,0.0658474953737187,-0.685595568946786,0.492968176516484,"calf_birth_season2","GLMM","Lower-tail phenotype","2 vs Spring","Season"
"lower_tail_main",2.14325315630687,1.87188000454613,2.45396824628891,0.76232484124886,0.0690722272365168,11.0366332714089,2.5438701085508e-28,"calf_birth_season3","GLMM","Lower-tail phenotype","3 vs Spring","Season"
"upper_tail_main",1.26457663407526,1.00498680936784,1.59121895784384,0.234737389542415,0.117226006696239,2.00243440988889,0.0452380307710492,"parity_group1","GLMM","Upper-tail phenotype","parity_group1","Season"
"upper_tail_main",0.295257033842199,0.23474902810974,0.371361350184335,-1.21990900084483,0.117004744982197,-10.4261498200817,1.88367034539301e-25,"parity_group2","GLMM","Upper-tail phenotype","Parity 2 vs 1","Parity"
"upper_tail_main",0.709940372808819,0.585285356361579,0.861144615127792,-0.342574294432869,0.098510952854771,-3.47752493002383,0.000506065987487256,"parity_group3","GLMM","Upper-tail phenotype","Parity 3 vs 1","Parity"
"upper_tail_main",1.30103589452377,1.0903015178524,1.55250118533579,0.263160789098866,0.090156382259008,2.9189368795083,0.00351227334296718,"parity_group4","GLMM","Upper-tail phenotype","Parity 4 vs 1","Parity"
"upper_tail_main",1.54727377381198,1.28335045511799,1.86547339550073,0.43649452672335,0.0954185334338678,4.57452562950858,4.77300180133266e-06,"parity_group5","GLMM","Upper-tail phenotype","Parity 5 vs 1","Parity"
"upper_tail_main",1.20618995765973,0.993716699990326,1.46409355299489,0.18746659639881,0.0988621017436511,1.89624328324427,0.0579278821799706,"parity_group6","GLMM","Upper-tail phenotype","Parity 6 vs 1","Parity"
"upper_tail_main",0.60326806781018,0.51695081728954,0.703998039015755,-0.505393624141956,0.0787826101147948,-6.41504036748138,1.40785551800542e-10,"calf_birth_year1","GLMM","Upper-tail phenotype","Year 1 vs 2023","Year"
"upper_tail_main",0.82352648669988,0.718975381269264,0.943281080221376,-0.194159566311697,0.0692696917209522,-2.80295121124336,0.00506373289245866,"calf_birth_year2","GLMM","Upper-tail phenotype","Year 2 vs 2023","Year"
"upper_tail_main",1.28718359750723,1.13749664487441,1.4565683522298,0.252456573845447,0.0630748222284615,4.00249362465155,6.26783573258636e-05,"calf_birth_year3","GLMM","Upper-tail phenotype","Year 3 vs 2023","Year"
"upper_tail_main",1.12952391190058,0.958036708592192,1.33170707981532,0.121796227043206,0.084012964715651,1.44973132962794,0.14713345553832,"calf_birth_season1","GLMM","Upper-tail phenotype","1 vs Spring","Season"
"upper_tail_main",0.812437854495894,0.699665108595089,0.943387428227293,-0.207715854477792,0.0762436837914584,-2.72436802825445,0.00644246720377098,"calf_birth_season2","GLMM","Upper-tail phenotype","2 vs Spring","Season"
"upper_tail_main",0.653316966492414,0.544040088414783,0.784543396334122,-0.425692867026595,0.0933874876917237,-4.55835013392614,5.15570342582013e-06,"calf_birth_season3","GLMM","Upper-tail phenotype","3 vs Spring","Season"
