"dam_id","dam_age_month","parity","calving_date","service_sire","birth_weight","calf_id","maternal_grandsire","maternal_granddam","row_id","calf_birth_year","calf_birth_month","calf_birth_season","dam_birth_date_estimated","dam_birth_date_export_based","dam_age_month_export_based_at_calving","export_based_impossible_age_flag","dam_birth_year","dam_birth_month","dam_birth_season","calf_sex_code","calf_sex","parity_group","dam_age_month_cont","dam_age_group","extreme_low_flag","extreme_high_flag","implausible_flag","exact_duplicate_record_flag","exact_duplicate_exclude_flag","duplicate_dam_date_calf_id_flag","duplicate_dam_date_calf_id_exclude_flag","duplicate_calf_id_flag","same_dam_date_same_birth_weight_flag","obvious_duplicate_exclude_flag","dam_date_record_n","dam_date_unique_calf_n","birth_type"
"227001",52.63,3,2026-05-20,"21219011",27.3,"G62512","854062","201076",216,2026,5,"Spring",2021-12-20,2022-02-02,51.5806451612903,FALSE,2021,12,"Winter","G-coded","male","3",52.63,"43-60",FALSE,FALSE,FALSE,FALSE,FALSE,FALSE,FALSE,FALSE,TRUE,FALSE,2,2,"twin"
"227001",52.63,3,2026-05-20,"21219011",27.3,"261505","854062","201076",217,2026,5,"Spring",2021-12-20,2022-02-02,51.5806451612903,FALSE,2021,12,"Winter","non-G-coded","female","3",52.63,"43-60",FALSE,FALSE,FALSE,FALSE,FALSE,FALSE,FALSE,FALSE,TRUE,FALSE,2,2,"twin"
"212797",54.64,3,2025-11-20,"21219011",51.2,"251358","186967","00681",1592,2025,11,"Autumn",2021-04-20,2021-12-02,47.6,FALSE,2021,4,"Spring","non-G-coded","female","3",54.64,"43-60",FALSE,FALSE,FALSE,FALSE,FALSE,FALSE,FALSE,FALSE,TRUE,FALSE,2,2,"twin"
"212797",54.64,3,2025-11-20,"21219011",51.2,"251359","186967","00681",1593,2025,11,"Autumn",2021-04-20,2021-12-02,47.6,FALSE,2021,4,"Spring","non-G-coded","female","3",54.64,"43-60",FALSE,FALSE,FALSE,FALSE,FALSE,FALSE,FALSE,FALSE,TRUE,FALSE,2,2,"twin"
"224342",NA,1,2024-12-23,NA,46.6,"G41402",NA,NA,4445,2024,12,"Winter",NA,NA,NA,FALSE,NA,NA,NA,"G-coded","male","1",NA,NA,FALSE,FALSE,FALSE,FALSE,FALSE,FALSE,FALSE,TRUE,FALSE,FALSE,1,1,"singleton"
"213264L",NA,2,2024-12-04,NA,42.8,"241311",NA,NA,4601,2024,12,"Winter",NA,NA,NA,FALSE,NA,NA,NA,"non-G-coded","female","2",NA,NA,FALSE,FALSE,FALSE,FALSE,FALSE,FALSE,FALSE,TRUE,FALSE,FALSE,1,1,"singleton"
"l201353",NA,3,2024-11-15,NA,33.8,"241238",NA,NA,4747,2024,11,"Autumn",NA,NA,NA,FALSE,NA,NA,NA,"non-G-coded","female","3",NA,NA,FALSE,FALSE,FALSE,FALSE,FALSE,FALSE,FALSE,TRUE,FALSE,FALSE,1,1,"singleton"
"212221",NA,3,2024-11-07,NA,56.2,"241221","7402563907","62261",4779,2024,11,"Autumn",NA,NA,NA,FALSE,NA,NA,NA,"non-G-coded","female","3",NA,NA,FALSE,FALSE,FALSE,FALSE,FALSE,FALSE,FALSE,TRUE,FALSE,FALSE,1,1,"singleton"
"212389",NA,2,2024-10-21,NA,44.5,"241178","180781","00184",4861,2024,10,"Autumn",NA,NA,NA,FALSE,NA,NA,NA,"non-G-coded","female","2",NA,NA,FALSE,FALSE,FALSE,FALSE,FALSE,FALSE,FALSE,TRUE,FALSE,FALSE,1,1,"singleton"
"202358",NA,3,2024-09-26,NA,42.4,"241101","163940","800877",4999,2024,9,"Autumn",NA,NA,NA,FALSE,NA,NA,NA,"non-G-coded","female","3",NA,NA,FALSE,FALSE,FALSE,FALSE,FALSE,FALSE,FALSE,TRUE,FALSE,FALSE,1,1,"singleton"
"201597",53.75,3,2024-08-13,"15620126",45.4,"241101",NA,NA,5204,2024,8,"Summer",2020-02-13,2022-01-02,31.3548387096774,FALSE,2020,2,"Winter","non-G-coded","female","3",53.75,"43-60",FALSE,FALSE,FALSE,FALSE,FALSE,FALSE,FALSE,TRUE,FALSE,FALSE,1,1,"singleton"
"50650",110.09,4,2024-07-06,"171206",38.8,"240917",NA,NA,5372,2024,7,"Summer",2015-05-06,2017-05-02,86.1290322580645,FALSE,2015,5,"Spring","non-G-coded","female","4",110.09,">60",FALSE,FALSE,FALSE,FALSE,FALSE,FALSE,FALSE,TRUE,FALSE,FALSE,1,1,"singleton"
"20064L",56.94,3,2024-06-28,"863025",44.5,"240891",NA,NA,5385,2024,6,"Summer",2019-09-28,2021-10-02,32.8666666666667,FALSE,2019,9,"Autumn","non-G-coded","female","3",56.94,"43-60",FALSE,FALSE,FALSE,FALSE,FALSE,FALSE,FALSE,TRUE,FALSE,FALSE,1,1,"singleton"
"62451",98.06,6,2024-04-27,"22220785",36.4,"240685",NA,NA,5786,2024,4,"Spring",2016-02-27,2018-05-02,71.8333333333333,FALSE,2016,2,"Winter","non-G-coded","female","6",98.06,">60",FALSE,FALSE,FALSE,FALSE,FALSE,FALSE,FALSE,FALSE,TRUE,FALSE,2,2,"twin"
"62451",98.06,6,2024-04-27,"22220785",36.4,"240570",NA,NA,5787,2024,4,"Spring",2016-02-27,2018-05-02,71.8333333333333,FALSE,2016,2,"Winter","non-G-coded","female","6",98.06,">60",FALSE,FALSE,FALSE,FALSE,FALSE,FALSE,FALSE,FALSE,TRUE,FALSE,2,2,"twin"
"201744",45.6,3,2024-03-19,"862025瓦特罗",39.6,"241238",NA,NA,6071,2024,3,"Spring",2020-05-19,2022-09-02,18.5483870967742,FALSE,2020,5,"Spring","non-G-coded","female","3",45.6,"43-60",FALSE,FALSE,FALSE,FALSE,FALSE,FALSE,FALSE,TRUE,FALSE,FALSE,1,1,"singleton"
"00695",57.46,3,2024-03-13,"862025瓦特罗",45.4,"241221","167285","61664",6136,2024,3,"Spring",2019-06-13,2021-10-02,29.3548387096774,FALSE,2019,6,"Summer","non-G-coded","female","3",57.46,"43-60",FALSE,FALSE,FALSE,FALSE,FALSE,FALSE,FALSE,TRUE,FALSE,FALSE,1,1,"singleton"
"213815",58.68,4,2024-02-20,"FR3917468802",46.3,"240342","171790","61695",6425,2024,2,"Winter",2019-03-20,2021-08-02,30.6206896551724,FALSE,2019,3,"Spring","non-G-coded","female","4",58.68,"43-60",FALSE,FALSE,FALSE,FALSE,FALSE,FALSE,FALSE,TRUE,FALSE,FALSE,1,1,"singleton"
"202597",38.4,2,2024-02-18,"862025瓦特罗",49.4,"241178","180600","800684",6453,2024,2,"Winter",2020-12-18,2023-05-02,9.55172413793103,TRUE,2020,12,"Winter","non-G-coded","female","2",38.4,"31-42",FALSE,FALSE,FALSE,FALSE,FALSE,FALSE,FALSE,TRUE,FALSE,FALSE,1,1,"singleton"
"201325",37.71,2,2024-02-09,"862025瓦特罗",50.6,"G41402","180600","62265",6558,2024,2,"Winter",2020-12-09,2023-05-02,9.24137931034483,TRUE,2020,12,"Winter","G-coded","male","2",37.71,"31-42",FALSE,FALSE,FALSE,FALSE,FALSE,FALSE,FALSE,TRUE,FALSE,FALSE,1,1,"singleton"
"224114",24.65,1,2024-02-06,"862025瓦特罗",36.5,"240342","871041","50332",6607,2024,2,"Winter",2022-01-06,2024-06-02,-3.86206896551724,TRUE,2022,1,"Winter","non-G-coded","female","1",24.65,"<=30",FALSE,FALSE,FALSE,FALSE,FALSE,FALSE,FALSE,TRUE,FALSE,FALSE,1,1,"singleton"
"224056",25.08,1,2024-02-06,"862025瓦特罗",46.3,"240917","871041","50974",6609,2024,2,"Winter",2022-01-06,2024-06-02,-3.86206896551724,TRUE,2022,1,"Winter","non-G-coded","female","1",25.08,"<=30",FALSE,FALSE,FALSE,FALSE,FALSE,FALSE,FALSE,TRUE,FALSE,FALSE,1,1,"singleton"
"62425",95.13,6,2024-01-03,"865530狼血",42.3,"240891",NA,NA,6928,2024,1,"Winter",2016-02-03,2018-08-02,65.0322580645161,FALSE,2016,2,"Winter","non-G-coded","female","6",95.13,">60",FALSE,FALSE,FALSE,FALSE,FALSE,FALSE,FALSE,TRUE,FALSE,FALSE,1,1,"singleton"
"212020",25.77,1,2023-11-22,"854282维利纳诺",25.4,"235728",NA,NA,7301,2023,11,"Autumn",2021-09-22,2024-05-02,-5.33333333333333,TRUE,2021,9,"Autumn","non-G-coded","female","1",25.77,"<=30",FALSE,FALSE,FALSE,FALSE,FALSE,FALSE,FALSE,TRUE,FALSE,FALSE,1,1,"singleton"
"201966",45.66,3,2023-11-08,"FR2545422137",37.6,"241311",NA,NA,7388,2023,11,"Autumn",2020-01-08,2022-09-02,14.2,TRUE,2020,1,"Winter","non-G-coded","female","3",45.66,"43-60",FALSE,FALSE,FALSE,FALSE,FALSE,FALSE,FALSE,TRUE,FALSE,FALSE,1,1,"singleton"
"00394",53.06,3,2023-09-08,"7402563907",45.1,"235728",NA,NA,7728,2023,9,"Autumn",2019-04-08,2022-02-02,19.2,FALSE,2019,4,"Spring","non-G-coded","female","3",53.06,"43-60",FALSE,FALSE,FALSE,FALSE,FALSE,FALSE,FALSE,TRUE,FALSE,FALSE,1,1,"singleton"
"201268",36.26,2,2023-05-23,"7402563907",39.4,"234770",NA,NA,8398,2023,5,"Spring",2020-05-23,2023-07-02,-1.32258064516129,TRUE,2020,5,"Spring","non-G-coded","female","2",36.26,"31-42",FALSE,FALSE,FALSE,FALSE,FALSE,FALSE,FALSE,TRUE,FALSE,FALSE,1,1,"singleton"
"40114",157.4,9,2023-04-05,"871041文尼哥",49.3,"234770",NA,NA,8694,2023,4,"Spring",2010-03-05,2013-06-02,118.1,FALSE,2010,3,"Spring","non-G-coded","female",">=7",157.4,">60",FALSE,FALSE,FALSE,FALSE,FALSE,FALSE,FALSE,TRUE,FALSE,FALSE,1,1,"singleton"
