"term","status","calf_sex","emmean","SE","df","asymp.LCL","asymp.UCL","parity_group","calf_birth_year","calf_birth_season"
"calf_sex","ok","female",42.5836834878968,0.103351979498102,Inf,42.3811173303496,42.786249645444,NA,NA,NA
"calf_sex","ok","male",46.1802140093604,0.103734902079353,Inf,45.9768973373451,46.3835306813757,NA,NA,NA
"parity_group","ok",NA,44.8310509822775,0.227879239625416,Inf,44.3844158797873,45.2776860847677,">=7",NA,NA
"parity_group","ok",NA,41.8982281273334,0.143659924765839,Inf,41.6166598487707,42.1797964058962,"1",NA,NA
"parity_group","ok",NA,43.8279312416674,0.159409468758431,Inf,43.5154944241062,44.1403680592286,"2",NA,NA
"parity_group","ok",NA,45.0677201924564,0.167930560588099,Inf,44.7385823418002,45.3968580431127,"3",NA,NA
"parity_group","ok",NA,45.1079011296495,0.18485262171892,Inf,44.7455966486326,45.4702056106664,"4",NA,NA
"parity_group","ok",NA,44.7660268941968,0.182829669625085,Inf,44.4076873264263,45.1243664619673,"5",NA,NA
"parity_group","ok",NA,45.1747826728189,0.200573144832238,Inf,44.7816665326818,45.5678988129561,"6",NA,NA
"calf_birth_year","ok",NA,44.3926089970294,0.132608378725435,Inf,44.1327013506793,44.6525166433795,NA,"2023",NA
"calf_birth_year","ok",NA,44.1011461934275,0.127498859424022,Inf,43.8512530208865,44.3510393659686,NA,"2024",NA
"calf_birth_year","ok",NA,44.9677750050141,0.11465314692016,Inf,44.7430589663364,45.1924910436918,NA,"2025",NA
"calf_birth_year","ok",NA,44.0662647990433,0.19043271833868,Inf,43.6930235296214,44.4395060684651,NA,"2026",NA
"calf_birth_season","ok",NA,44.1775184251748,0.163922476960376,Inf,43.8562362740759,44.4988005762737,NA,NA,"Autumn"
"calf_birth_season","ok",NA,44.4093883932223,0.124587679775252,Inf,44.1652010279454,44.6535757584992,NA,NA,"Spring"
"calf_birth_season","ok",NA,42.7830977061424,0.162987989587127,Inf,42.463647116639,43.1025482956458,NA,NA,"Summer"
"calf_birth_season","ok",NA,46.1577904699748,0.12763648781562,Inf,45.907627550743,46.4079533892066,NA,NA,"Winter"
