"field","status","factor","level","n","percent"
"service_sire","available","calf_sex","female",4010,50.4465970562335
"service_sire","available","calf_sex","male",3939,49.5534029437665
"service_sire","available","parity_group","1",1835,23.0846647377029
"service_sire","available","parity_group","2",1349,16.9706881368726
"service_sire","available","parity_group","3",1231,15.48622468235
"service_sire","available","parity_group","4",996,12.529877972072
"service_sire","available","parity_group","5",1045,13.1463077116618
"service_sire","available","parity_group","6",835,10.5044659705623
"service_sire","available","parity_group",">=7",658,8.27777078877846
"service_sire","available","calf_birth_year","2023",2489,31.3121147314128
"service_sire","available","calf_birth_year","2024",1830,23.0217637438672
"service_sire","available","calf_birth_year","2025",2424,30.4944018115486
"service_sire","available","calf_birth_year","2026",1206,15.1717197131715
"service_sire","available","calf_birth_season","Spring",2980,37.4889923260788
"service_sire","available","calf_birth_season","Summer",1686,21.2102151213989
"service_sire","available","calf_birth_season","Autumn",1286,16.1781356145427
"service_sire","available","calf_birth_season","Winter",1997,25.1226569379796
"service_sire","missing","calf_sex","female",723,50.383275261324
"service_sire","missing","calf_sex","male",712,49.616724738676
"service_sire","missing","parity_group","1",203,14.1463414634146
"service_sire","missing","parity_group","2",281,19.581881533101
"service_sire","missing","parity_group","3",213,14.8432055749129
"service_sire","missing","parity_group","4",187,13.0313588850174
"service_sire","missing","parity_group","5",187,13.0313588850174
"service_sire","missing","parity_group","6",167,11.6376306620209
"service_sire","missing","parity_group",">=7",197,13.7282229965157
"service_sire","missing","calf_birth_year","2023",0,0
"service_sire","missing","calf_birth_year","2024",735,51.219512195122
"service_sire","missing","calf_birth_year","2025",698,48.6411149825784
"service_sire","missing","calf_birth_year","2026",2,0.139372822299652
"service_sire","missing","calf_birth_season","Spring",15,1.04529616724739
"service_sire","missing","calf_birth_season","Summer",5,0.348432055749129
"service_sire","missing","calf_birth_season","Autumn",458,31.9163763066202
"service_sire","missing","calf_birth_season","Winter",957,66.6898954703833
"maternal_grandsire","available","calf_sex","female",2186,50.5199907557199
"maternal_grandsire","available","calf_sex","male",2141,49.4800092442801
"maternal_grandsire","available","parity_group","1",1383,31.9620984515831
"maternal_grandsire","available","parity_group","2",1085,25.0751097758262
"maternal_grandsire","available","parity_group","3",854,19.7365380171019
"maternal_grandsire","available","parity_group","4",542,12.525999537786
"maternal_grandsire","available","parity_group","5",288,6.6558816732147
"maternal_grandsire","available","parity_group","6",134,3.09683383406517
"maternal_grandsire","available","parity_group",">=7",41,0.947538710422926
"maternal_grandsire","available","calf_birth_year","2023",922,21.3080656343887
"maternal_grandsire","available","calf_birth_year","2024",1089,25.1675525768431
"maternal_grandsire","available","calf_birth_year","2025",1603,37.046452507511
"maternal_grandsire","available","calf_birth_year","2026",713,16.4779292812572
"maternal_grandsire","available","calf_birth_season","Spring",1392,32.170094753871
"maternal_grandsire","available","calf_birth_season","Summer",705,16.2930436792235
"maternal_grandsire","available","calf_birth_season","Autumn",797,18.4192281026115
"maternal_grandsire","available","calf_birth_season","Winter",1433,33.117633464294
"maternal_grandsire","missing","calf_sex","female",2547,50.3658295432074
"maternal_grandsire","missing","calf_sex","male",2510,49.6341704567926
"maternal_grandsire","missing","parity_group","1",655,12.9523432865335
"maternal_grandsire","missing","parity_group","2",545,10.777140597192
"maternal_grandsire","missing","parity_group","3",590,11.6669962428317
"maternal_grandsire","missing","parity_group","4",641,12.6754993078901
"maternal_grandsire","missing","parity_group","5",944,18.6671939885307
"maternal_grandsire","missing","parity_group","6",868,17.1643266758948
"maternal_grandsire","missing","parity_group",">=7",814,16.0964999011271
"maternal_grandsire","missing","calf_birth_year","2023",1567,30.9867510381649
"maternal_grandsire","missing","calf_birth_year","2024",1476,29.1872651769824
"maternal_grandsire","missing","calf_birth_year","2025",1519,30.0375716828159
"maternal_grandsire","missing","calf_birth_year","2026",495,9.78841210203678
"maternal_grandsire","missing","calf_birth_season","Spring",1603,31.6986355546767
"maternal_grandsire","missing","calf_birth_season","Summer",986,19.4977259244611
"maternal_grandsire","missing","calf_birth_season","Autumn",947,18.7265176982401
"maternal_grandsire","missing","calf_birth_season","Winter",1521,30.0771208226221
