"label","year","Freq","field"
"13218225","2023",6,"service_sire"
"13218239","2023",7,"service_sire"
"13218431","2023",1,"service_sire"
"13219043","2023",6,"service_sire"
"13219061","2023",5,"service_sire"
"13219066","2023",4,"service_sire"
"13219115","2023",3,"service_sire"
"14117208","2023",4,"service_sire"
"14117309","2023",5,"service_sire"
"14118102","2023",3,"service_sire"
"15618205","2023",12,"service_sire"
"15619507","2023",6,"service_sire"
"212119025","2023",1,"service_sire"
"21214008","2023",4,"service_sire"
"21219002","2023",1,"service_sire"
"21219022","2023",12,"service_sire"
"21219025","2023",3,"service_sire"
"22217315","2023",5,"service_sire"
"22217343","2023",1,"service_sire"
"22218005","2023",5,"service_sire"
"22218105","2023",7,"service_sire"
"22218119","2023",9,"service_sire"
"22218325","2023",4,"service_sire"
"22218707","2023",5,"service_sire"
"22218717","2023",8,"service_sire"
"22219727","2023",5,"service_sire"
"41119262","2023",1,"service_sire"
"41119912","2023",2,"service_sire"
"41417171","2023",3,"service_sire"
"41418133","2023",4,"service_sire"
"41418180","2023",3,"service_sire"
"41418182","2023",2,"service_sire"
"41418183","2023",2,"service_sire"
"606045维泽","2023",7,"service_sire"
"65108826","2023",1,"service_sire"
"65117528","2023",7,"service_sire"
"65117529","2023",3,"service_sire"
"65117530","2023",4,"service_sire"
"65117532","2023",15,"service_sire"
"65117533","2023",9,"service_sire"
"65117535","2023",6,"service_sire"
"65117543","2023",4,"service_sire"
"65117547","2023",4,"service_sire"
"65117552","2023",2,"service_sire"
"65118574","2023",8,"service_sire"
"65118581","2023",2,"service_sire"
"65118596","2023",2,"service_sire"
"65118598","2023",8,"service_sire"
"65118599","2023",10,"service_sire"
"7029225762","2023",66,"service_sire"
"7402563907","2023",340,"service_sire"
"854282维利纳诺","2023",351,"service_sire"
"854400西部公园","2023",54,"service_sire"
"854773威吉吉","2023",429,"service_sire"
"862025瓦特罗","2023",2,"service_sire"
"865530狼血","2023",386,"service_sire"
"871041文尼哥","2023",462,"service_sire"
"FR2545422137","2023",47,"service_sire"
"FR7045049997","2023",30,"service_sire"
"XM-22218621","2023",36,"service_sire"
"公牛","2023",43,"service_sire"
"甘露606318","2023",2,"service_sire"
"13220027","2024",2,"service_sire"
"13220085","2024",4,"service_sire"
"14120356","2024",4,"service_sire"
"15220255","2024",4,"service_sire"
"15420602","2024",6,"service_sire"
"15420614","2024",6,"service_sire"
"15420616","2024",3,"service_sire"
"15620126","2024",53,"service_sire"
"15620128","2024",23,"service_sire"
"15620251","2024",3,"service_sire"
"171206","2024",191,"service_sire"
"22121001","2024",4,"service_sire"
"22219929","2024",5,"service_sire"
"22220785","2024",387,"service_sire"
"41121216","2024",3,"service_sire"
"41121292","2024",1,"service_sire"
"41220100","2024",9,"service_sire"
"427059","2024",1,"service_sire"
"427151","2024",3,"service_sire"
"61219009","2024",3,"service_sire"
"65119600","2024",9,"service_sire"
"65119601","2024",8,"service_sire"
"854062赫尔曼斯","2024",1,"service_sire"
"854400西部公园","2024",10,"service_sire"
"854773威吉吉","2024",11,"service_sire"
"862025瓦特罗","2024",527,"service_sire"
"863025","2024",74,"service_sire"
"865530狼血","2024",241,"service_sire"
"FR3917468802","2024",123,"service_sire"
"FR7045049997","2024",108,"service_sire"
"公牛","2024",3,"service_sire"
"11121358","2025",2,"service_sire"
"11122975","2025",3,"service_sire"
"13221223","2025",9,"service_sire"
"14121448","2025",7,"service_sire"
"15220402","2025",6,"service_sire"
"15220428","2025",2,"service_sire"
"15221103","2025",5,"service_sire"
"15221363","2025",6,"service_sire"
"15222135","2025",1,"service_sire"
"15222825","2025",4,"service_sire"
"15420626","2025",6,"service_sire"
"15618075","2025",218,"service_sire"
"15618939","2025",5,"service_sire"
"15619011","2025",12,"service_sire"
"15620126","2025",3,"service_sire"
"15620128","2025",1,"service_sire"
"15620193","2025",83,"service_sire"
"15621171","2025",10,"service_sire"
"15621175","2025",4,"service_sire"
"15621311","2025",3,"service_sire"
"15621315","2025",10,"service_sire"
"15621325","2025",3,"service_sire"
"15621515","2025",5,"service_sire"
"168128虎巴特","2025",2,"service_sire"
"21219011","2025",206,"service_sire"
"22119053","2025",7,"service_sire"
"22119077","2025",6,"service_sire"
"22119161","2025",4,"service_sire"
"22120025","2025",4,"service_sire"
"22121071","2025",4,"service_sire"
"22121105","2025",7,"service_sire"
"22121207","2025",4,"service_sire"
"22121209","2025",4,"service_sire"
"22122089","2025",4,"service_sire"
"22217329","2025",12,"service_sire"
"22218621","2025",449,"service_sire"
"22219919","2025",3,"service_sire"
"22219929","2025",5,"service_sire"
"22220107","2025",5,"service_sire"
"22220119","2025",6,"service_sire"
"22220525","2025",6,"service_sire"
"22220607","2025",6,"service_sire"
"22220617","2025",6,"service_sire"
"22220619","2025",5,"service_sire"
"22220783","2025",122,"service_sire"
"22520576","2025",1,"service_sire"
"22520578","2025",7,"service_sire"
"24122442","2025",2,"service_sire"
"41119226","2025",11,"service_sire"
"41120238","2025",4,"service_sire"
"41121216","2025",3,"service_sire"
"41121222","2025",5,"service_sire"
"41121260","2025",13,"service_sire"
"41121266","2025",4,"service_sire"
"41121286","2025",319,"service_sire"
"41121294","2025",1,"service_sire"
"41121296","2025",6,"service_sire"
"41121912","2025",2,"service_sire"
"41121918","2025",3,"service_sire"
"41122202","2025",8,"service_sire"
"41122218","2025",3,"service_sire"
"41122238","2025",6,"service_sire"
"41122272","2025",6,"service_sire"
"41122282","2025",1,"service_sire"
"41123286","2025",2,"service_sire"
"41221154","2025",4,"service_sire"
"41221174","2025",5,"service_sire"
"41221179","2025",12,"service_sire"
"41419127","2025",10,"service_sire"
"41421125","2025",2,"service_sire"
"41421178","2025",4,"service_sire"
"41421193","2025",3,"service_sire"
"427059","2025",22,"service_sire"
"427133","2025",243,"service_sire"
"427151","2025",129,"service_sire"
"65121614","2025",18,"service_sire"
"65121619","2025",6,"service_sire"
"65123650","2025",30,"service_sire"
"65123933","2025",26,"service_sire"
"861404","2025",4,"service_sire"
"863302","2025",204,"service_sire"
"874165","2025",10,"service_sire"
"11116912","2026",4,"service_sire"
"11122978","2026",2,"service_sire"
"11122981","2026",2,"service_sire"
"12120008","2026",1,"service_sire"
"12120012","2026",4,"service_sire"
"13221223","2026",1,"service_sire"
"13222529","2026",6,"service_sire"
"14117309","2026",2,"service_sire"
"15222135","2026",1,"service_sire"
"15618075","2026",1,"service_sire"
"15620193","2026",2,"service_sire"
"15620251","2026",1,"service_sire"
"21219011","2026",297,"service_sire"
"22218621","2026",1,"service_sire"
"22219405","2026",1,"service_sire"
"22220119","2026",1,"service_sire"
"22220607","2026",1,"service_sire"
"22222095","2026",4,"service_sire"
"22222103","2026",4,"service_sire"
"22223207","2026",1,"service_sire"
"41110276","2026",1,"service_sire"
"41120238","2026",236,"service_sire"
"41121216","2026",2,"service_sire"
"41121286","2026",121,"service_sire"
"41121296","2026",105,"service_sire"
"41121912","2026",1,"service_sire"
"41121920","2026",4,"service_sire"
"41122272","2026",12,"service_sire"
"41122274","2026",1,"service_sire"
"41122282","2026",9,"service_sire"
"41122916","2026",1,"service_sire"
"41122926","2026",9,"service_sire"
"41122936","2026",4,"service_sire"
"41122940","2026",12,"service_sire"
"41122948","2026",4,"service_sire"
"41123204","2026",7,"service_sire"
"41123286","2026",4,"service_sire"
"41221179","2026",42,"service_sire"
"41222015","2026",7,"service_sire"
"41222118","2026",5,"service_sire"
"41418133","2026",7,"service_sire"
"41419139","2026",10,"service_sire"
"41421125","2026",15,"service_sire"
"41421193","2026",1,"service_sire"
"41422157","2026",67,"service_sire"
"53323050","2026",1,"service_sire"
"603335","2026",2,"service_sire"
"61221015","2026",2,"service_sire"
"65123650","2026",109,"service_sire"
"65123670","2026",1,"service_sire"
"65123933","2026",50,"service_sire"
"861404","2026",15,"service_sire"
"862920","2026",1,"service_sire"
"863302","2026",1,"service_sire"
"11117951","2023",2,"maternal_grandsire"
"11117952","2023",1,"maternal_grandsire"
"15216113","2023",1,"maternal_grandsire"
"15216234","2023",1,"maternal_grandsire"
"15217112","2023",1,"maternal_grandsire"
"160650","2023",1,"maternal_grandsire"
"160854","2023",1,"maternal_grandsire"
"163940","2023",42,"maternal_grandsire"
"165810","2023",1,"maternal_grandsire"
"167285","2023",59,"maternal_grandsire"
"16885","2023",1,"maternal_grandsire"
"171350","2023",70,"maternal_grandsire"
"171790","2023",122,"maternal_grandsire"
"178434","2023",2,"maternal_grandsire"
"179398","2023",6,"maternal_grandsire"
"180600","2023",23,"maternal_grandsire"
"180781","2023",63,"maternal_grandsire"
"186756","2023",49,"maternal_grandsire"
"186967","2023",19,"maternal_grandsire"
"189058","2023",4,"maternal_grandsire"
"191190","2023",2,"maternal_grandsire"
"22217027","2023",1,"maternal_grandsire"
"2544424506","2023",14,"maternal_grandsire"
"41115278","2023",1,"maternal_grandsire"
"41115288","2023",1,"maternal_grandsire"
"41116220","2023",1,"maternal_grandsire"
"41215411","2023",1,"maternal_grandsire"
"41217462","2023",2,"maternal_grandsire"
"41417124","2023",2,"maternal_grandsire"
"426585","2023",4,"maternal_grandsire"
"426864","2023",19,"maternal_grandsire"
"426865","2023",1,"maternal_grandsire"
"426871","2023",1,"maternal_grandsire"
"603268","2023",11,"maternal_grandsire"
"606192","2023",40,"maternal_grandsire"
"606244","2023",138,"maternal_grandsire"
"606306","2023",49,"maternal_grandsire"
"606318","2023",20,"maternal_grandsire"
"62544424506","2023",13,"maternal_grandsire"
"65116511","2023",1,"maternal_grandsire"
"65116520","2023",1,"maternal_grandsire"
"65117502","2023",1,"maternal_grandsire"
"6868671111","2023",6,"maternal_grandsire"
"7029225762","2023",14,"maternal_grandsire"
"7402563907","2023",36,"maternal_grandsire"
"740640209","2023",22,"maternal_grandsire"
"854062","2023",2,"maternal_grandsire"
"854282","2023",12,"maternal_grandsire"
"865530","2023",34,"maternal_grandsire"
"BS11102933","2023",1,"maternal_grandsire"
"公牛","2023",2,"maternal_grandsire"
"11117951","2024",2,"maternal_grandsire"
"15216113","2024",1,"maternal_grandsire"
"15216234","2024",1,"maternal_grandsire"
"15217112","2024",1,"maternal_grandsire"
"160650","2024",1,"maternal_grandsire"
"160854","2024",1,"maternal_grandsire"
"160885","2024",2,"maternal_grandsire"
"161229","2024",1,"maternal_grandsire"
"163940","2024",39,"maternal_grandsire"
"165810","2024",1,"maternal_grandsire"
"167285","2024",56,"maternal_grandsire"
"16885","2024",1,"maternal_grandsire"
"171350","2024",62,"maternal_grandsire"
"171790","2024",91,"maternal_grandsire"
"178434","2024",3,"maternal_grandsire"
"178714","2024",1,"maternal_grandsire"
"179398","2024",4,"maternal_grandsire"
"180600","2024",25,"maternal_grandsire"
"180781","2024",99,"maternal_grandsire"
"186756","2024",43,"maternal_grandsire"
"186967","2024",16,"maternal_grandsire"
"189058","2024",4,"maternal_grandsire"
"191190","2024",2,"maternal_grandsire"
"21227027","2024",1,"maternal_grandsire"
"22217027","2024",1,"maternal_grandsire"
"2544424506","2024",30,"maternal_grandsire"
"2545109367","2024",22,"maternal_grandsire"
"37117678","2024",2,"maternal_grandsire"
"41115278","2024",2,"maternal_grandsire"
"41116220","2024",1,"maternal_grandsire"
"41215411","2024",1,"maternal_grandsire"
"41217462","2024",1,"maternal_grandsire"
"41417124","2024",2,"maternal_grandsire"
"426585","2024",1,"maternal_grandsire"
"426864","2024",13,"maternal_grandsire"
"426865","2024",1,"maternal_grandsire"
"426871","2024",1,"maternal_grandsire"
"603268","2024",8,"maternal_grandsire"
"606045","2024",25,"maternal_grandsire"
"606045维泽","2024",4,"maternal_grandsire"
"606192","2024",34,"maternal_grandsire"
"606244","2024",134,"maternal_grandsire"
"606306","2024",61,"maternal_grandsire"
"606318","2024",22,"maternal_grandsire"
"62544424506","2024",15,"maternal_grandsire"
"65116511","2024",1,"maternal_grandsire"
"65117502","2024",2,"maternal_grandsire"
"6868671111","2024",31,"maternal_grandsire"
"7029225762","2024",10,"maternal_grandsire"
"7402563907","2024",22,"maternal_grandsire"
"740640209","2024",25,"maternal_grandsire"
"854062","2024",19,"maternal_grandsire"
"854282","2024",26,"maternal_grandsire"
"854282维利纳诺","2024",2,"maternal_grandsire"
"860110","2024",1,"maternal_grandsire"
"865530","2024",48,"maternal_grandsire"
"865530狼血","2024",1,"maternal_grandsire"
"871041","2024",25,"maternal_grandsire"
"871041文尼哥","2024",4,"maternal_grandsire"
"BS11102933","2024",1,"maternal_grandsire"
"甘露606318","2024",25,"maternal_grandsire"
"西西弗斯180561","2024",7,"maternal_grandsire"
"11117951","2025",1,"maternal_grandsire"
"11117952","2025",1,"maternal_grandsire"
"13218225","2025",1,"maternal_grandsire"
"13218239","2025",2,"maternal_grandsire"
"13218431","2025",1,"maternal_grandsire"
"14117208","2025",1,"maternal_grandsire"
"15216113","2025",1,"maternal_grandsire"
"15216234","2025",1,"maternal_grandsire"
"15217112","2025",1,"maternal_grandsire"
"160650","2025",1,"maternal_grandsire"
"160854","2025",1,"maternal_grandsire"
"160885","2025",2,"maternal_grandsire"
"163940","2025",39,"maternal_grandsire"
"167285","2025",49,"maternal_grandsire"
"171350","2025",67,"maternal_grandsire"
"171790","2025",97,"maternal_grandsire"
"178434","2025",3,"maternal_grandsire"
"179398","2025",6,"maternal_grandsire"
"180600","2025",29,"maternal_grandsire"
"180781","2025",103,"maternal_grandsire"
"186756","2025",39,"maternal_grandsire"
"186967","2025",20,"maternal_grandsire"
"189058","2025",4,"maternal_grandsire"
"191190","2025",1,"maternal_grandsire"
"21219022","2025",1,"maternal_grandsire"
"21227027","2025",1,"maternal_grandsire"
"22217027","2025",1,"maternal_grandsire"
"22218119","2025",1,"maternal_grandsire"
"22218707","2025",2,"maternal_grandsire"
"2544424506","2025",40,"maternal_grandsire"
"2545109367","2025",22,"maternal_grandsire"
"37117678","2025",1,"maternal_grandsire"
"41115278","2025",2,"maternal_grandsire"
"41116220","2025",1,"maternal_grandsire"
"41215411","2025",1,"maternal_grandsire"
"41217462","2025",2,"maternal_grandsire"
"41417124","2025",1,"maternal_grandsire"
"41418183","2025",1,"maternal_grandsire"
"426585","2025",2,"maternal_grandsire"
"426864","2025",17,"maternal_grandsire"
"426865","2025",1,"maternal_grandsire"
"603268","2025",12,"maternal_grandsire"
"606045","2025",53,"maternal_grandsire"
"606045维泽","2025",6,"maternal_grandsire"
"606192","2025",34,"maternal_grandsire"
"606244","2025",117,"maternal_grandsire"
"606306","2025",63,"maternal_grandsire"
"606318","2025",22,"maternal_grandsire"
"62544424506","2025",15,"maternal_grandsire"
"65108826","2025",1,"maternal_grandsire"
"65116511","2025",1,"maternal_grandsire"
"65117502","2025",2,"maternal_grandsire"
"65117529","2025",1,"maternal_grandsire"
"65117530","2025",1,"maternal_grandsire"
"65117532","2025",1,"maternal_grandsire"
"65118574","2025",1,"maternal_grandsire"
"65118581","2025",1,"maternal_grandsire"
"65118598","2025",1,"maternal_grandsire"
"65118599","2025",2,"maternal_grandsire"
"6868671111","2025",31,"maternal_grandsire"
"7028157563","2025",6,"maternal_grandsire"
"7029225762","2025",23,"maternal_grandsire"
"7402563907","2025",123,"maternal_grandsire"
"740640209","2025",23,"maternal_grandsire"
"854062","2025",17,"maternal_grandsire"
"854282","2025",27,"maternal_grandsire"
"854282维利纳诺","2025",55,"maternal_grandsire"
"854773威吉吉","2025",97,"maternal_grandsire"
"865530","2025",62,"maternal_grandsire"
"865530狼血","2025",30,"maternal_grandsire"
"871041","2025",19,"maternal_grandsire"
"871041文尼哥","2025",112,"maternal_grandsire"
"BS11102933","2025",2,"maternal_grandsire"
"XM-22218621","2025",7,"maternal_grandsire"
"公牛","2025",19,"maternal_grandsire"
"甘露606318","2025",33,"maternal_grandsire"
"西西弗斯180561","2025",15,"maternal_grandsire"
"14120356","2026",2,"maternal_grandsire"
"15217112","2026",1,"maternal_grandsire"
"15220255","2026",1,"maternal_grandsire"
"15620126","2026",1,"maternal_grandsire"
"15620251","2026",2,"maternal_grandsire"
"160885","2026",2,"maternal_grandsire"
"163940","2026",12,"maternal_grandsire"
"165810","2026",1,"maternal_grandsire"
"167285","2026",18,"maternal_grandsire"
"16885","2026",1,"maternal_grandsire"
"171206","2026",2,"maternal_grandsire"
"171350","2026",22,"maternal_grandsire"
"171790","2026",28,"maternal_grandsire"
"178714","2026",1,"maternal_grandsire"
"179398","2026",1,"maternal_grandsire"
"180600","2026",8,"maternal_grandsire"
"180781","2026",38,"maternal_grandsire"
"186756","2026",7,"maternal_grandsire"
"186967","2026",8,"maternal_grandsire"
"191190","2026",1,"maternal_grandsire"
"21227027","2026",1,"maternal_grandsire"
"22121001","2026",1,"maternal_grandsire"
"22217027","2026",1,"maternal_grandsire"
"22218707","2026",1,"maternal_grandsire"
"22220785","2026",12,"maternal_grandsire"
"2544424506","2026",20,"maternal_grandsire"
"2545109367","2026",9,"maternal_grandsire"
"41115278","2026",1,"maternal_grandsire"
"41115288","2026",1,"maternal_grandsire"
"426864","2026",3,"maternal_grandsire"
"426865","2026",1,"maternal_grandsire"
"426871","2026",1,"maternal_grandsire"
"427151","2026",1,"maternal_grandsire"
"603268","2026",6,"maternal_grandsire"
"606045","2026",23,"maternal_grandsire"
"606045维泽","2026",1,"maternal_grandsire"
"606192","2026",10,"maternal_grandsire"
"606244","2026",31,"maternal_grandsire"
"606306","2026",26,"maternal_grandsire"
"606318","2026",3,"maternal_grandsire"
"62544424506","2026",2,"maternal_grandsire"
"65117502","2026",1,"maternal_grandsire"
"65117528","2026",1,"maternal_grandsire"
"65118581","2026",1,"maternal_grandsire"
"65118599","2026",1,"maternal_grandsire"
"6868671111","2026",3,"maternal_grandsire"
"7029225762","2026",15,"maternal_grandsire"
"7402563907","2026",44,"maternal_grandsire"
"740640209","2026",8,"maternal_grandsire"
"854062","2026",6,"maternal_grandsire"
"854062赫尔曼斯","2026",1,"maternal_grandsire"
"854282","2026",13,"maternal_grandsire"
"854282维利纳诺","2026",37,"maternal_grandsire"
"854400西部公园","2026",5,"maternal_grandsire"
"854773威吉吉","2026",31,"maternal_grandsire"
"862025瓦特罗","2026",39,"maternal_grandsire"
"863025","2026",1,"maternal_grandsire"
"865530","2026",24,"maternal_grandsire"
"865530狼血","2026",53,"maternal_grandsire"
"871041","2026",6,"maternal_grandsire"
"871041文尼哥","2026",58,"maternal_grandsire"
"FR2545422137","2026",6,"maternal_grandsire"
"FR3917468802","2026",7,"maternal_grandsire"
"FR7045049997","2026",23,"maternal_grandsire"
"XM-22218621","2026",1,"maternal_grandsire"
"公牛","2026",3,"maternal_grandsire"
"甘露606318","2026",7,"maternal_grandsire"
"西西弗斯180561","2026",6,"maternal_grandsire"
