"factor","comparison","model","outcome","log_OR","SE","OR","CI_low","CI_high","p","reference_log_OR","reference_OR","reference_model","same_direction","OR_ratio"
"calf_birth_season","Autumn - Spring","p5p95_lower","lower",0.105284394343437,0.151668572440336,1.11102653509196,0.825322924806288,1.495632708819,0.487573034821557,0.228465293724263,1.25666991004264,"primary_lower",TRUE,0.884103714279485
"calf_birth_season","Summer - Spring","p5p95_lower","lower",0.753489237400171,0.128903051514156,2.12439963425072,1.65011321207108,2.73500858788964,5.05367991140516e-09,0.807469592303325,2.24222705357522,"primary_lower",TRUE,0.947450719080107
"calf_birth_season","Winter - Spring","p5p95_lower","lower",-0.874031191550708,0.155048990968426,0.417266074819776,0.307918041733114,0.56544584466542,1.72908406252015e-08,-0.855355881809727,0.425131867458845,"primary_lower",TRUE,0.981497993349485
"calf_birth_year","2024 - 2023","p5p95_lower","lower",0.153865570991622,0.137242090925827,1.1663340871047,0.89125563527362,1.52631315741944,0.262234559882529,0.305491415749661,1.35729183373123,"primary_lower",TRUE,0.859309735842451
"calf_birth_year","2025 - 2023","p5p95_lower","lower",-0.131356464336944,0.135506307857512,0.876905133264756,0.672371712748552,1.14365699532879,0.332357984359689,-0.034963881117738,0.965640293475767,"primary_lower",TRUE,0.908107438338542
"calf_birth_year","2026 - 2023","p5p95_lower","lower",0.65370858690288,0.159053779734043,1.92265796775086,1.40771652673067,2.62596452535868,3.95685487571549e-05,0.726907766239794,2.06867388401257,"primary_lower",TRUE,0.929415691187401
"parity_group",">=7 - 1","p5p95_lower","lower",-0.736810982528617,0.205399522604413,0.478637868798756,0.320015243215325,0.715885303294966,0.000334236626280109,-0.74068139298826,0.476788924180382,"primary_lower",TRUE,1.00387791017074
"parity_group","2 - 1","p5p95_lower","lower",-0.449997582807884,0.149207365990128,0.637629692893377,0.475951820944491,0.85422853189739,0.00256200259258342,-0.462114257203407,0.629950359463489,"primary_lower",TRUE,1.0121903786775
"parity_group","3 - 1","p5p95_lower","lower",-0.713479563068777,0.168100897899873,0.489936463275914,0.352413079991174,0.681126075267476,2.19224946841956e-05,-0.723464809965799,0.48506867022923,"primary_lower",TRUE,1.01003526581996
"parity_group","4 - 1","p5p95_lower","lower",-0.561430539966771,0.173000316088654,0.570392510648844,0.40636442282364,0.800630168220928,0.00117344540816508,-0.678443116232748,0.507406350447167,"primary_lower",TRUE,1.12413356700437
"parity_group","5 - 1","p5p95_lower","lower",-0.588531177284389,0.172878176705527,0.555142091499059,0.395594264590608,0.779037436432202,0.000663310466697884,-0.739932995363761,0.477145885436443,"primary_lower",TRUE,1.16346406506529
"parity_group","6 - 1","p5p95_lower","lower",-0.635358392912663,0.185017798924318,0.52974559722423,0.368620870148981,0.761298180607728,0.000594657970039745,-0.717597631492053,0.487923019991105,"primary_lower",TRUE,1.08571552380105
"calf_birth_season","Autumn - Spring","p15p85_lower","lower",0.224579818677398,0.0958469189961727,1.25179662411142,1.03740594066799,1.51049336302022,0.0191237737167919,0.228465293724263,1.25666991004264,"primary_lower",TRUE,0.996122063644345
"calf_birth_season","Summer - Spring","p15p85_lower","lower",0.609357724240304,0.0897689227525193,1.83924971383124,1.54251448710001,2.19306822601594,1.13643576284394e-11,0.807469592303325,2.24222705357522,"primary_lower",TRUE,0.820278085084452
"calf_birth_season","Winter - Spring","p15p85_lower","lower",-0.71492574632343,0.0915050222955717,0.489228437457822,0.408905052883862,0.585330169753126,5.58570949799211e-15,-0.855355881809727,0.425131867458845,"primary_lower",TRUE,1.15076867886217
"calf_birth_year","2024 - 2023","p15p85_lower","lower",0.245448265514818,0.0875705265368771,1.27819415516365,1.0766056632007,1.51752898404543,0.00506510425749791,0.305491415749661,1.35729183373123,"primary_lower",TRUE,0.941723897100201
"calf_birth_year","2025 - 2023","p15p85_lower","lower",-0.00726651601230566,0.0857773417333933,0.992759821283102,0.839132199911252,1.17451345909297,0.932489003930635,-0.034963881117738,0.965640293475767,"primary_lower",TRUE,1.02808450309144
"calf_birth_year","2026 - 2023","p15p85_lower","lower",0.679975285433217,0.107489646838816,1.97382894930024,1.5988737080788,2.43671573396319,2.51661807275978e-10,0.726907766239794,2.06867388401257,"primary_lower",TRUE,0.954151818976727
"parity_group",">=7 - 1","p15p85_lower","lower",-0.73036391999702,0.128786623108043,0.481733645679569,0.374268785090562,0.620055197292436,1.4187002859488e-08,-0.74068139298826,0.476788924180382,"primary_lower",TRUE,1.01037088163843
"parity_group","2 - 1","p15p85_lower","lower",-0.542731855062377,0.0961742346390001,0.581158441166283,0.481316658792437,0.701710874886783,1.6690399347355e-08,-0.462114257203407,0.629950359463489,"primary_lower",TRUE,0.922546407722093
"parity_group","3 - 1","p15p85_lower","lower",-0.792116300678383,0.1060586284753,0.452885338841473,0.367884079152558,0.557526519250378,8.10128706215656e-14,-0.723464809965799,0.48506867022923,"primary_lower",TRUE,0.933652009781321
"parity_group","4 - 1","p15p85_lower","lower",-0.797222919291306,0.114579086481758,0.450578521172658,0.359948683985529,0.564027631645131,3.45529986761612e-12,-0.678443116232748,0.507406350447167,"primary_lower",TRUE,0.888003314849278
"parity_group","5 - 1","p15p85_lower","lower",-0.764597447753557,0.113117984337074,0.465521289901922,0.37295234717678,0.581066382856757,1.38668004287371e-11,-0.739932995363761,0.477145885436443,"primary_lower",TRUE,0.975637229850807
"parity_group","6 - 1","p15p85_lower","lower",-0.73113304545563,0.119217481318062,0.48136327451761,0.381061303521833,0.608066470966241,8.63635453446345e-10,-0.717597631492053,0.487923019991105,"primary_lower",TRUE,0.986555777848698
"calf_birth_season","Autumn - Spring","complete_years_lower","lower",0.315857045699303,0.125654556779485,1.37143418919664,1.07205636431469,1.75441497098872,0.0119474208243545,0.228465293724263,1.25666991004264,"primary_lower",TRUE,1.0913241243678
"calf_birth_season","Summer - Spring","complete_years_lower","lower",0.92271065370921,0.121844113065164,2.51610143426012,1.98159203632278,3.19478798432887,3.65043936391644e-14,0.807469592303325,2.24222705357522,"primary_lower",TRUE,1.12214391055901
"calf_birth_season","Winter - Spring","complete_years_lower","lower",-0.670884931521451,0.131835847278778,0.511255951037639,0.39483850568081,0.661998877289602,3.60355530254086e-07,-0.855355881809727,0.425131867458845,"primary_lower",TRUE,1.20258204611568
"calf_birth_year","2024 - 2023","complete_years_lower","lower",0.290692532480358,0.106867304632573,1.3373533280187,1.08462734186423,1.64896629001502,0.00652570478590557,0.305491415749661,1.35729183373123,"primary_lower",TRUE,0.985310082019936
"calf_birth_year","2025 - 2023","complete_years_lower","lower",-0.028124858702953,0.106074115214158,0.972266963230305,0.789759899645652,1.1969499188465,0.790898943135469,-0.034963881117738,0.965640293475767,"primary_lower",TRUE,1.00686246193258
"parity_group",">=7 - 1","complete_years_lower","lower",-0.662699379814635,0.186081466336804,0.515458037796731,0.357931965184677,0.742311429470035,0.000368966845043687,-0.74068139298826,0.476788924180382,"primary_lower",TRUE,1.08110321287942
"parity_group","2 - 1","complete_years_lower","lower",-0.358643741562506,0.131117661150382,0.698623197430898,0.540300595939199,0.903338577926527,0.00623269083669823,-0.462114257203407,0.629950359463489,"primary_lower",TRUE,1.1090130943427
"parity_group","3 - 1","complete_years_lower","lower",-0.54181535089328,0.142083648827084,0.581691319455804,0.440302105006254,0.768483246577773,0.000137093134509054,-0.723464809965799,0.48506867022923,"primary_lower",TRUE,1.19919375370278
"parity_group","4 - 1","complete_years_lower","lower",-0.544508267967401,0.150255422327947,0.580126980233031,0.43214094420644,0.778790618445825,0.000290211452501973,-0.678443116232748,0.507406350447167,"primary_lower",TRUE,1.14331832804571
"parity_group","5 - 1","complete_years_lower","lower",-0.658353687344548,0.152408878730373,0.517702934191998,0.384016560669745,0.697929088275697,1.56273723085245e-05,-0.739932995363761,0.477145885436443,"primary_lower",TRUE,1.08499926331432
"parity_group","6 - 1","complete_years_lower","lower",-0.590444251839883,0.161530999834389,0.554081078511199,0.403717786292007,0.760446658503368,0.000256881479916006,-0.717597631492053,0.487923019991105,"primary_lower",TRUE,1.13559118100495
"calf_birth_season","Autumn - Spring","weight_25_65_lower","lower",0.221992138155053,0.120093835464079,1.24856156182829,0.986701759286874,1.57991607798671,0.0645316290145428,0.228465293724263,1.25666991004264,"primary_lower",TRUE,0.99354775016928
"calf_birth_season","Summer - Spring","weight_25_65_lower","lower",0.809481161879044,0.109012056914814,2.24674198882881,1.8145208827913,2.78191869393162,1.12260221344131e-13,0.807469592303325,2.24222705357522,"primary_lower",TRUE,1.00201359413909
"calf_birth_season","Winter - Spring","weight_25_65_lower","lower",-0.83421343331313,0.119546353783589,0.43421588689785,0.343516552326783,0.548862740841458,2.9907363900795e-12,-0.855355881809727,0.425131867458845,"primary_lower",TRUE,1.02136753354507
"calf_birth_year","2024 - 2023","weight_25_65_lower","lower",0.305545199209955,0.107433339649616,1.3573648355458,1.09963655730328,1.67549840403144,0.00445448255582384,0.305491415749661,1.35729183373123,"primary_lower",TRUE,1.00005378490665
"calf_birth_year","2025 - 2023","weight_25_65_lower","lower",-0.025628799790863,0.106407809447375,0.974696830132707,0.791216001938218,1.20072636087172,0.809667887444856,-0.034963881117738,0.965640293475767,"primary_lower",TRUE,1.0093787890979
"calf_birth_year","2026 - 2023","weight_25_65_lower","lower",0.663885266578294,0.133316690415148,1.94232414045743,1.49569256660393,2.5223252096316,6.36628163223575e-07,0.726907766239794,2.06867388401257,"primary_lower",TRUE,0.938922348016469
"parity_group",">=7 - 1","weight_25_65_lower","lower",-0.691881080339226,0.162029948148413,0.500633451031986,0.36441791815954,0.687764897944644,1.9540157100316e-05,-0.74068139298826,0.476788924180382,"primary_lower",TRUE,1.05001065595765
"parity_group","2 - 1","weight_25_65_lower","lower",-0.440585442739442,0.117982795797509,0.643659484984499,0.510774297970053,0.811116640475127,0.000188223503215725,-0.462114257203407,0.629950359463489,"primary_lower",TRUE,1.02176223144421
"parity_group","3 - 1","weight_25_65_lower","lower",-0.678492985482551,0.130504376222207,0.507381047104059,0.392869861684911,0.655269217792225,2.00357468109603e-07,-0.723464809965799,0.48506867022923,"primary_lower",TRUE,1.04599838794842
"parity_group","4 - 1","weight_25_65_lower","lower",-0.638599992867974,0.139601413030532,0.528031154190449,0.401634127813972,0.694206195358079,4.77467565621387e-06,-0.678443116232748,0.507406350447167,"primary_lower",TRUE,1.04064750810688
"parity_group","5 - 1","weight_25_65_lower","lower",-0.75132583446023,0.142860842762682,0.471740687875814,0.356533191000402,0.624175482717668,1.44727026741269e-07,-0.739932995363761,0.477145885436443,"primary_lower",TRUE,0.988671813536263
"parity_group","6 - 1","weight_25_65_lower","lower",-0.678393267714219,0.1484137475609,0.507431644532459,0.379356505701103,0.678746429818161,4.8549551541543e-06,-0.717597631492053,0.487923019991105,"primary_lower",TRUE,1.03998299678853
"calf_birth_season","Autumn - Spring","sire_subset_base_lower","lower",0.064797549319923,0.139854453939609,1.06694299918192,0.811142003435977,1.40341316154411,0.643134070625623,0.228465293724263,1.25666991004264,"primary_lower",TRUE,0.849024068019357
"calf_birth_season","Summer - Spring","sire_subset_base_lower","lower",0.813120257420247,0.111024913477583,2.25493299246553,1.81396566842404,2.80309759386301,2.4111067413974e-13,0.807469592303325,2.24222705357522,"primary_lower",TRUE,1.00566666023855
"calf_birth_season","Winter - Spring","sire_subset_base_lower","lower",-1.09088906658504,0.142651360748768,0.33591770769685,0.253984866106071,0.44428122066604,2.05340270560508e-14,-0.855355881809727,0.425131867458845,"primary_lower",TRUE,0.790149441642053
"calf_birth_year","2024 - 2023","sire_subset_base_lower","lower",0.108517498117371,0.123067650474886,1.11462441219649,0.87573594645261,1.41867829600575,0.377900600427244,0.305491415749661,1.35729183373123,"primary_lower",TRUE,0.821212052188042
"calf_birth_year","2025 - 2023","sire_subset_base_lower","lower",-0.085802217705052,0.111702536910823,0.917775733061366,0.737318614814544,1.14239933628719,0.442409168196892,-0.034963881117738,0.965640293475767,"primary_lower",TRUE,0.950432308243772
"calf_birth_year","2026 - 2023","sire_subset_base_lower","lower",0.70174445750514,0.134470304458277,2.01726867933464,1.54989549143412,2.62557891620108,1.80297087619948e-07,0.726907766239794,2.06867388401257,"primary_lower",TRUE,0.975150648405628
"parity_group",">=7 - 1","sire_subset_base_lower","lower",-0.698671594100473,0.177296943427035,0.497245408985329,0.351281557909943,0.703859884441685,8.12489014320684e-05,-0.74068139298826,0.476788924180382,"primary_lower",TRUE,1.0429046980068
"parity_group","2 - 1","sire_subset_base_lower","lower",-0.522101851638535,0.127954485736754,0.593272266293297,0.461677799285876,0.762375800823031,4.49637584467088e-05,-0.462114257203407,0.629950359463489,"primary_lower",TRUE,0.941776216777732
"parity_group","3 - 1","sire_subset_base_lower","lower",-0.819051110950287,0.142448402594759,0.44084977362306,0.333455835496934,0.582831374397376,8.93443099163371e-09,-0.723464809965799,0.48506867022923,"primary_lower",TRUE,0.908839924488892
"parity_group","4 - 1","sire_subset_base_lower","lower",-0.771448310581201,0.153229970062263,0.462342966959731,0.342400719540373,0.624300729811762,4.78901437601166e-07,-0.678443116232748,0.507406350447167,"primary_lower",TRUE,0.911188767251884
"parity_group","5 - 1","sire_subset_base_lower","lower",-0.712346728087188,0.149989048373085,0.490491794930443,0.365561825466533,0.658116313395291,2.04096782678159e-06,-0.739932995363761,0.477145885436443,"primary_lower",TRUE,1.02797029147971
"parity_group","6 - 1","sire_subset_base_lower","lower",-0.75649258748892,0.16212540130748,0.469309606055863,0.341552958783137,0.644853164560506,3.06977234170272e-06,-0.717597631492053,0.487923019991105,"primary_lower",TRUE,0.961851740597153
"calf_birth_season","Autumn - Spring","sire_subset_adjusted_lower","lower",-0.0914713948849969,0.161354081611343,0.912587420446763,0.665165375951708,1.25204322123066,0.570783109445615,0.064797549319923,1.06694299918192,"sire_subset_base_lower",FALSE,0.855329123623748
"calf_birth_season","Summer - Spring","sire_subset_adjusted_lower","lower",0.556611545883951,0.116531749855625,1.74475046579392,1.38848540048076,2.19242794114658,1.78390489471828e-06,0.813120257420247,2.25493299246553,"sire_subset_base_lower",TRUE,0.773748253994113
"calf_birth_season","Winter - Spring","sire_subset_adjusted_lower","lower",-1.0182432425401,0.146482482253589,0.361228974783684,0.271079367460245,0.48135855356977,3.61942904047067e-12,-1.09088906658504,0.33591770769685,"sire_subset_base_lower",TRUE,1.07534960648659
"calf_birth_year","2024 - 2023","sire_subset_adjusted_lower","lower",0.0631705490031793,0.176125130073713,1.06520849398717,0.754252291587882,1.50436286149515,0.719843041574526,0.108517498117371,1.11462441219649,"sire_subset_base_lower",TRUE,0.955665856885425
"calf_birth_year","2025 - 2023","sire_subset_adjusted_lower","lower",-0.0424668248221288,0.159746589358054,0.958422260822515,0.700777821953185,1.31079095437114,0.790363440924096,-0.085802217705052,0.917775733061366,"sire_subset_base_lower",TRUE,1.04428808291277
"calf_birth_year","2026 - 2023","sire_subset_adjusted_lower","lower",0.443796684779057,0.189954189567698,1.55861356354443,1.07411096972332,2.26166225738334,0.0194737713855493,0.70174445750514,2.01726867933464,"sire_subset_base_lower",TRUE,0.77263558370346
"parity_group",">=7 - 1","sire_subset_adjusted_lower","lower",-0.671531676521807,0.167213791809161,0.510925405708194,0.368150047484458,0.709071673307617,5.91926210815059e-05,-0.698671594100473,0.497245408985329,"sire_subset_base_lower",TRUE,1.02751155963567
"parity_group","2 - 1","sire_subset_adjusted_lower","lower",-0.489033537001858,0.121593531625315,0.613218761130339,0.483186544333832,0.778244455297632,5.77376006798287e-05,-0.522101851638535,0.593272266293297,"sire_subset_base_lower",TRUE,1.03362114828267
"parity_group","3 - 1","sire_subset_adjusted_lower","lower",-0.795533634146962,0.135777300638994,0.451340320041431,0.345883850209708,0.588949395502547,4.65364825041257e-09,-0.819051110950287,0.44084977362306,"sire_subset_base_lower",TRUE,1.02379619327499
"parity_group","4 - 1","sire_subset_adjusted_lower","lower",-0.780329114958738,0.144776411938993,0.458255167853507,0.345043194558123,0.608613072729571,7.05003357470855e-08,-0.771448310581201,0.462342966959731,"sire_subset_base_lower",TRUE,0.991158513488148
"parity_group","5 - 1","sire_subset_adjusted_lower","lower",-0.691280422425634,0.141370889427017,0.500934250805996,0.37970438084417,0.66086970888426,1.00920175082078e-06,-0.712346728087188,0.490491794930443,"sire_subset_base_lower",TRUE,1.02128976668618
"parity_group","6 - 1","sire_subset_adjusted_lower","lower",-0.745028940276788,0.150732110075728,0.474720561196674,0.35329267873821,0.637883615442472,7.70339941396974e-07,-0.75649258748892,0.469309606055863,"sire_subset_base_lower",TRUE,1.01152960662
"calf_birth_season","Autumn - Spring","mgs_subset_base_lower","lower",0.278754977231986,0.165379947514571,1.32148351065024,0.955630675126941,1.82739913480541,0.0918838974563724,0.228465293724263,1.25666991004264,"primary_lower",TRUE,1.05157567638856
"calf_birth_season","Summer - Spring","mgs_subset_base_lower","lower",0.583863528801643,0.155363154161274,1.79295218881978,1.32227976571244,2.4311629314403,0.000171238144116859,0.807469592303325,2.24222705357522,"primary_lower",TRUE,0.799630075803841
"calf_birth_season","Winter - Spring","mgs_subset_base_lower","lower",-0.982741203448943,0.165679361834388,0.374283703565889,0.270504434902703,0.517877981576849,3.000243273059e-09,-0.855355881809727,0.425131867458845,"primary_lower",TRUE,0.880394372228803
"calf_birth_year","2024 - 2023","mgs_subset_base_lower","lower",0.212005991615074,0.160814566352007,1.23615529162299,0.901960305923723,1.69417644542858,0.187394608282739,0.305491415749661,1.35729183373123,"primary_lower",TRUE,0.910751292317714
"calf_birth_year","2025 - 2023","mgs_subset_base_lower","lower",-0.282700163239202,0.154871828655368,0.753745754666991,0.556413603761977,1.0210617764147,0.0679434865249526,-0.034963881117738,0.965640293475767,"primary_lower",TRUE,0.780565765285049
"calf_birth_year","2026 - 2023","mgs_subset_base_lower","lower",0.612971320313992,0.178742254337701,1.84590804238522,1.30036232776131,2.62032852551837,0.000605009173680183,0.726907766239794,2.06867388401257,"primary_lower",TRUE,0.892314664312747
"parity_group",">=7 - 1","mgs_subset_base_lower","lower",-1.37927242420497,0.791190691284941,0.251761662130298,0.0533982297653652,1.18700441563555,0.0812834999635539,-0.74068139298826,0.476788924180382,"primary_lower",TRUE,0.528035886242713
"parity_group","2 - 1","mgs_subset_base_lower","lower",-0.432442438822,0.139070655086066,0.648922204785979,0.49410071102689,0.852255458182043,0.00187394081431545,-0.462114257203407,0.629950359463489,"primary_lower",TRUE,1.03011641320222
"parity_group","3 - 1","mgs_subset_base_lower","lower",-0.947790070021382,0.171497901051342,0.387596639113321,0.276949588728669,0.542449459273709,3.26607170960669e-08,-0.723464809965799,0.48506867022923,"primary_lower",TRUE,0.799055191361162
"parity_group","4 - 1","mgs_subset_base_lower","lower",-0.613732569764286,0.189384599999732,0.541326554347407,0.373469265732576,0.784627987705592,0.00119250076042422,-0.678443116232748,0.507406350447167,"primary_lower",TRUE,1.06685017613664
"parity_group","5 - 1","mgs_subset_base_lower","lower",-0.403151106130638,0.235971671274883,0.668211120897594,0.420779185372446,1.06114113438383,0.0875487087570855,-0.739932995363761,0.477145885436443,"primary_lower",TRUE,1.40043358078292
"parity_group","6 - 1","mgs_subset_base_lower","lower",-1.04331801479398,0.376290098919944,0.352283857575506,0.168497720677774,0.736531721670048,0.00556031259547069,-0.717597631492053,0.487923019991105,"primary_lower",TRUE,0.722007044434855
"calf_birth_season","Autumn - Spring","mgs_subset_adjusted_lower","lower",0.278755650007925,0.174370299003527,1.32148439971285,0.938939853118371,1.85988592654216,0.109900214573718,0.278754977231986,1.32148351065024,"mgs_subset_base_lower",TRUE,1.00000067277617
"calf_birth_season","Summer - Spring","mgs_subset_adjusted_lower","lower",0.583863063349109,0.159419784418862,1.79295135428583,1.31180759217926,2.45056864893958,0.00024983854830492,0.583863528801643,1.79295218881978,"mgs_subset_base_lower",TRUE,0.999999534547575
"calf_birth_season","Winter - Spring","mgs_subset_adjusted_lower","lower",-0.982739207496823,0.181465037758514,0.374284450618986,0.26226386965443,0.534152303021163,6.10888851039641e-08,-0.982741203448943,0.374283703565889,"mgs_subset_base_lower",TRUE,1.00000199595411
"calf_birth_year","2024 - 2023","mgs_subset_adjusted_lower","lower",0.212006670055848,0.170516160719466,1.23615613028143,0.884972362092069,1.72670022690877,0.21374881999759,0.212005991615074,1.23615529162299,"mgs_subset_base_lower",TRUE,1.000000678441
"calf_birth_year","2025 - 2023","mgs_subset_adjusted_lower","lower",-0.282698828179026,0.165198388763579,0.753746760963603,0.545265896145261,1.04193969158814,0.0870315258550338,-0.282700163239202,0.753745754666991,"mgs_subset_base_lower",TRUE,1.00000133506107
"calf_birth_year","2026 - 2023","mgs_subset_adjusted_lower","lower",0.61297193395859,0.185874260088389,1.84590917511706,1.28231248716152,2.65721555151023,0.000974533595478729,0.612971320313992,1.84590804238522,"mgs_subset_base_lower",TRUE,1.00000061364479
"parity_group",">=7 - 1","mgs_subset_adjusted_lower","lower",-1.37930241054214,0.873288672329791,0.251754112833398,0.0454602593110533,1.39418767708439,0.114236389110935,-1.37927242420497,0.251761662130298,"mgs_subset_base_lower",TRUE,0.999970014112412
"parity_group","2 - 1","mgs_subset_adjusted_lower","lower",-0.432441827494656,0.146600233923992,0.648922601489987,0.486862758288817,0.864926584659258,0.00317976484404659,-0.432442438822,0.648922204785979,"mgs_subset_base_lower",TRUE,1.00000061132753
"parity_group","3 - 1","mgs_subset_adjusted_lower","lower",-0.94778919003445,0.182909004602843,0.387596980193449,0.270824504836592,0.554718706661075,2.19810776518843e-07,-0.947790070021382,0.387596639113321,"mgs_subset_base_lower",TRUE,1.00000087998732
"parity_group","4 - 1","mgs_subset_adjusted_lower","lower",-0.613733290782697,0.201557977636319,0.541326164041136,0.364663719049362,0.803573266458747,0.00232721579907988,-0.613732569764286,0.541326554347407,"mgs_subset_base_lower",TRUE,0.999999278981849
"parity_group","5 - 1","mgs_subset_adjusted_lower","lower",-0.403152067718775,0.247823148771659,0.668210478354016,0.411117378070672,1.08607727913985,0.103785266142715,-0.403151106130638,0.668211120897594,"mgs_subset_base_lower",TRUE,0.999999038412325
"parity_group","6 - 1","mgs_subset_adjusted_lower","lower",-1.04332144993128,0.404176046717679,0.352282647434168,0.159535000028933,0.777904934094208,0.00984136122640843,-1.04331801479398,0.352283857575506,"mgs_subset_base_lower",TRUE,0.999996564868607
"calf_birth_season","Autumn - Spring","p5p95_upper","upper",0.392375236775492,0.169885919721521,1.48049314265964,1.06120489146347,2.06544463099818,0.0209081188587101,0.329512081520998,1.3902896149533,"primary_upper",TRUE,1.06488110587618
"calf_birth_season","Summer - Spring","p5p95_upper","upper",-0.0876580431291964,0.185052928698338,0.916074080995259,0.637401758198492,1.31658206316082,0.635719746961267,-0.217977012548803,0.804143926673367,"primary_upper",TRUE,1.13919169269229
"calf_birth_season","Winter - Spring","p5p95_upper","upper",0.8644725351709,0.136519074542998,2.37375368412586,1.81647909799038,3.10199360902909,2.41615875446948e-10,0.719328348938971,2.05305381168739,"primary_upper",TRUE,1.15620626727504
"calf_birth_year","2024 - 2023","p5p95_upper","upper",0.276395799130809,0.164897279002119,1.31836957030506,0.95428116487756,1.82136920215684,0.0937049853361439,0.311234057830258,1.36510869817662,"primary_upper",TRUE,0.96576160716433
"calf_birth_year","2025 - 2023","p5p95_upper","upper",0.904894452462307,0.152075175245847,2.47167103049817,1.83461121300749,3.3299467700239,2.67634917100869e-09,0.757850197987403,2.1336842876163,"primary_upper",TRUE,1.15840522651055
"calf_birth_year","2026 - 2023","p5p95_upper","upper",1.22733988927415,0.184894041401888,3.41214078081202,2.37489737771617,4.90240328585344,3.1781344131814e-11,0.952490240750162,2.59215672291613,"primary_upper",TRUE,1.31633274741715
"parity_group",">=7 - 1","p5p95_upper","upper",1.73113681912153,0.243732428208746,5.64706995790224,3.50233552204497,9.10518107380592,1.22420928534232e-12,1.45464639038725,4.28296869889682,"primary_upper",TRUE,1.31849433299776
"parity_group","2 - 1","p5p95_upper","upper",0.984348503368183,0.236253253202398,2.67606786717008,1.68421677850049,4.25202938310363,3.09315773936001e-05,0.877334706411964,2.404482506548,"primary_upper",TRUE,1.11294960969044
"parity_group","3 - 1","p5p95_upper","upper",1.7538404179695,0.224867545499317,5.77674524667847,3.71771089286726,8.97616479781871,6.21836159852492e-15,1.4830697899437,4.40645182129383,"primary_upper",TRUE,1.31097433512442
"parity_group","4 - 1","p5p95_upper","upper",1.72447848206813,0.234123561582855,5.60959476244994,3.54523601073406,8.8760108787201,1.76250386149588e-13,1.65640352756818,5.24042985082254,"primary_upper",TRUE,1.07044554018206
"parity_group","5 - 1","p5p95_upper","upper",1.66587064608092,0.236275290237916,5.29027720437737,3.32935831350972,8.40613423481345,1.78212511183677e-12,1.40737559724364,4.08522006051306,"primary_upper",TRUE,1.29497973818159
"parity_group","6 - 1","p5p95_upper","upper",1.84208090251189,0.238707998283179,6.30965438526527,3.95200017060622,10.0738200260225,1.19212084349075e-14,1.66053299435909,5.26211477463281,"primary_upper",TRUE,1.19907198065735
"calf_birth_season","Autumn - Spring","p15p85_upper","upper",0.0873047607232053,0.1019645923959,1.09122919284523,0.893559666626541,1.33262634359181,0.391872644765239,0.329512081520998,1.3902896149533,"primary_upper",TRUE,0.78489343594923
"calf_birth_season","Summer - Spring","p15p85_upper","upper",-0.347149273567531,0.108467206672062,0.706699828779188,0.57135697350699,0.8741026558774,0.00137189463261832,-0.217977012548803,0.804143926673367,"primary_upper",TRUE,0.878822565635369
"calf_birth_season","Winter - Spring","p15p85_upper","upper",0.495892490649346,0.0824781986157565,1.64196302195096,1.39687582839311,1.93005169869372,1.82788809455802e-09,0.719328348938971,2.05305381168739,"primary_upper",TRUE,0.799766188593685
"calf_birth_year","2024 - 2023","p15p85_upper","upper",0.33629317493972,0.0920045837430093,1.39974933608873,1.16878822198749,1.67635005813894,0.000257003114065056,0.311234057830258,1.36510869817662,"primary_upper",TRUE,1.02537573598233
"calf_birth_year","2025 - 2023","p15p85_upper","upper",0.63304114538597,0.0884155011433424,1.88332935742449,1.58367793280575,2.23967853252394,8.07692534494888e-13,0.757850197987403,2.1336842876163,"primary_upper",TRUE,0.882665429161731
"calf_birth_year","2026 - 2023","p15p85_upper","upper",0.678566279062517,0.114954414171883,1.97104977013637,1.57343286002915,2.46914710824245,3.57131602036657e-09,0.952490240750162,2.59215672291613,"primary_upper",TRUE,0.760389891826823
"parity_group",">=7 - 1","p15p85_upper","upper",1.23688500224713,0.139581283241322,3.44486598446405,2.62035738295406,4.52881035545582,7.90187581281568e-19,1.45464639038725,4.28296869889682,"primary_upper",TRUE,0.804317338427282
"parity_group","2 - 1","p15p85_upper","upper",0.787245194686741,0.121206447210202,2.19733485113676,1.73270699652855,2.78655332822779,8.29910112986367e-11,0.877334706411964,2.404482506548,"primary_upper",TRUE,0.913849381375358
"parity_group","3 - 1","p15p85_upper","upper",1.26833967110137,0.120503143975694,3.55494528131423,2.80711663749892,4.50199887825045,6.60045639853162e-26,1.4830697899437,4.40645182129383,"primary_upper",TRUE,0.806759139890114
"parity_group","4 - 1","p15p85_upper","upper",1.4331241796654,0.125909100905173,4.19177461331409,3.27509500086907,5.36502739742264,5.12817743677966e-30,1.65640352756818,5.24042985082254,"primary_upper",TRUE,0.799891370105097
"parity_group","5 - 1","p15p85_upper","upper",1.23567957588805,0.127769971507002,3.44071595398349,2.67849490305973,4.41984274917717,3.99950525816627e-22,1.40737559724364,4.08522006051306,"primary_upper",TRUE,0.842235155760833
"parity_group","6 - 1","p15p85_upper","upper",1.40971524383853,0.131095236257471,4.09478922157945,3.16696368951632,5.29443985248978,5.71367941612693e-27,1.66053299435909,5.26211477463281,"primary_upper",TRUE,0.778164178652903
"calf_birth_season","Autumn - Spring","complete_years_upper","upper",0.266246888424114,0.144781063833732,1.30505722243707,0.982633779336498,1.73327478624354,0.0659207615219014,0.329512081520998,1.3902896149533,"primary_upper",TRUE,0.938694505375345
"calf_birth_season","Summer - Spring","complete_years_upper","upper",-0.256014068108768,0.159012728581136,0.774131078155435,0.566842784786459,1.05722246494124,0.107392948118192,-0.217977012548803,0.804143926673367,"primary_upper",TRUE,0.962677267685039
"calf_birth_season","Winter - Spring","complete_years_upper","upper",0.601697542700753,0.128683788820483,1.82521455170163,1.41833259276669,2.3488201404474,2.92833351505828e-06,0.719328348938971,2.05305381168739,"primary_upper",TRUE,0.889024214227246
"calf_birth_year","2024 - 2023","complete_years_upper","upper",0.364410141731723,0.123154283127476,1.43966455960269,1.13092081594961,1.83269598980338,0.00308666606610454,0.311234057830258,1.36510869817662,"primary_upper",TRUE,1.05461532955263
"calf_birth_year","2025 - 2023","complete_years_upper","upper",0.846944796966756,0.122462073397582,2.33250966409792,1.83477809242525,2.96526394966853,4.64652090363956e-12,0.757850197987403,2.1336842876163,"primary_upper",TRUE,1.0931840655319
"parity_group",">=7 - 1","complete_years_upper","upper",1.21446489870814,0.217410944285619,3.36849109804165,2.1997578322677,5.15817337306109,2.32313945177681e-08,1.45464639038725,4.28296869889682,"primary_upper",TRUE,0.786485107609889
"parity_group","2 - 1","complete_years_upper","upper",0.897484190180463,0.178987301604176,2.45342299475615,1.72750042960612,3.48438951912194,5.32451919044145e-07,0.877334706411964,2.404482506548,"primary_upper",TRUE,1.02035385496666
"parity_group","3 - 1","complete_years_upper","upper",1.41064182167483,0.183640486184097,4.098585120843,2.85968958620861,5.87420399535985,1.57186837923436e-14,1.4830697899437,4.40645182129383,"primary_upper",TRUE,0.930132743318992
"parity_group","4 - 1","complete_years_upper","upper",1.61637848101505,0.191879502027359,5.03482355073404,3.4566557232113,7.33351835324692,3.64078238906318e-17,1.65640352756818,5.24042985082254,"primary_upper",TRUE,0.960765374989949
"parity_group","5 - 1","complete_years_upper","upper",1.43518838586199,0.191439454912614,4.20043623705872,2.88629579743507,6.11290935505472,6.5381409467284e-14,1.40737559724364,4.08522006051306,"primary_upper",TRUE,1.02820317506499
"parity_group","6 - 1","complete_years_upper","upper",1.59781148113824,0.199623164983166,4.94220447242181,3.34195935189602,7.30870201439424,1.2030582372479e-15,1.66053299435909,5.26211477463281,"primary_upper",TRUE,0.939204993446132
"calf_birth_season","Autumn - Spring","weight_25_65_upper","upper",0.296965118226986,0.133168462274336,1.34576835584305,1.03661409943073,1.74712312767411,0.0257477183858592,0.329512081520998,1.3902896149533,"primary_upper",TRUE,0.967976989375879
"calf_birth_season","Summer - Spring","weight_25_65_upper","upper",-0.231439095608865,0.142920415877774,0.793391015028376,0.599560757085846,1.04988409479513,0.105370593872578,-0.217977012548803,0.804143926673367,"primary_upper",TRUE,0.986628125527884
"calf_birth_season","Winter - Spring","weight_25_65_upper","upper",0.687535312416828,0.108914683298444,1.98880769794874,1.60651374557887,2.46207420901646,2.74378186402437e-10,0.719328348938971,2.05305381168739,"primary_upper",TRUE,0.968707048313631
"calf_birth_year","2024 - 2023","weight_25_65_upper","upper",0.296745874924129,0.118699729768422,1.34547333748541,1.06619760552738,1.69790148889773,0.0124203494578331,0.311234057830258,1.36510869817662,"primary_upper",TRUE,0.985616265783498
"calf_birth_year","2025 - 2023","weight_25_65_upper","upper",0.752436108893056,0.113398546283587,2.12216354608614,1.69923651656153,2.65035389272947,3.23790253122973e-11,0.757850197987403,2.1336842876163,"primary_upper",TRUE,0.99460054067182
"calf_birth_year","2026 - 2023","weight_25_65_upper","upper",0.908385163513434,0.147925168261967,2.48031399615069,1.85606222706037,3.31452115656944,8.20849299244961e-10,0.952490240750162,2.59215672291613,"primary_upper",TRUE,0.956853408678307
"parity_group",">=7 - 1","weight_25_65_upper","upper",1.41126599626847,0.184947175913982,4.10114415210334,2.85415604209223,5.89294457215523,2.33584495990029e-14,1.45464639038725,4.28296869889682,"primary_upper",TRUE,0.957547075503889
"parity_group","2 - 1","weight_25_65_upper","upper",0.879729197788133,0.160324829944395,2.41024691783641,1.76032474330244,3.30012415438837,4.08429795074145e-08,0.877334706411964,2.404482506548,"primary_upper",TRUE,1.00239736046019
"parity_group","3 - 1","weight_25_65_upper","upper",1.43280433890344,0.159619685982357,4.19043412731025,3.06471782998294,5.72964271083456,2.79863394870773e-19,1.4830697899437,4.40645182129383,"primary_upper",TRUE,0.950976953171329
"parity_group","4 - 1","weight_25_65_upper","upper",1.62979821304265,0.166846543235337,5.10284492708934,3.67952989227593,7.07672640588748,1.54095458616521e-22,1.65640352756818,5.24042985082254,"primary_upper",TRUE,0.97374548889122
"parity_group","5 - 1","weight_25_65_upper","upper",1.38593217677701,0.169974832097969,3.99855152495181,2.86562829869178,5.57937479365119,3.52811717397833e-16,1.40737559724364,4.08522006051306,"primary_upper",TRUE,0.978784855092882
"parity_group","6 - 1","weight_25_65_upper","upper",1.62022686059896,0.173079843527632,5.05423679370001,3.60022592643145,7.0954740310177,7.88713909973915e-21,1.66053299435909,5.26211477463281,"primary_upper",TRUE,0.9604953540856
"calf_birth_season","Autumn - Spring","sire_subset_base_upper","upper",0.46419174118757,0.133595695550143,1.5907279492667,1.22427519265463,2.06686815493783,0.000511613667100125,0.329512081520998,1.3902896149533,"primary_upper",TRUE,1.14417020177492
"calf_birth_season","Summer - Spring","sire_subset_base_upper","upper",-0.221717748642636,0.132309528100434,0.801141455689171,0.618140402676506,1.03832014416902,0.0937870872693017,-0.217977012548803,0.804143926673367,"primary_upper",TRUE,0.996266251743494
"calf_birth_season","Winter - Spring","sire_subset_base_upper","upper",0.778941758009542,0.107813801912588,2.17916496100441,1.76408226013079,2.69191524374677,5.01545308578246e-13,0.719328348938971,2.05305381168739,"primary_upper",TRUE,1.06142612950479
"calf_birth_year","2024 - 2023","sire_subset_base_upper","upper",0.401157947696968,0.126143964073095,1.49355315315159,1.16639794594147,1.91246994994365,0.00147193921658765,0.311234057830258,1.36510869817662,"primary_upper",TRUE,1.09409100912369
"calf_birth_year","2025 - 2023","sire_subset_base_upper","upper",0.776052221112036,0.115500679661143,2.17287727207329,1.73268988669562,2.72489363258002,1.82941621826315e-11,0.757850197987403,2.1336842876163,"primary_upper",TRUE,1.01836868963439
"calf_birth_year","2026 - 2023","sire_subset_base_upper","upper",0.895629208679487,0.138213012131517,2.44887615893876,1.86775408072656,3.21080516096949,9.16835247084352e-11,0.952490240750162,2.59215672291613,"primary_upper",TRUE,0.944725346769859
"parity_group",">=7 - 1","sire_subset_base_upper","upper",1.47232592403164,0.183170524760114,4.35936290523577,3.04444400730704,6.24220543847534,9.13115627941024e-16,1.45464639038725,4.28296869889682,"primary_upper",TRUE,1.01783674168775
"parity_group","2 - 1","sire_subset_base_upper","upper",0.856273516977601,0.168569539265383,2.35437080336193,1.69195267532524,3.27613293241642,3.78139637208805e-07,0.877334706411964,2.404482506548,"primary_upper",TRUE,0.979159048548033
"parity_group","3 - 1","sire_subset_base_upper","upper",1.37886889070385,0.162620663144318,3.97040812111513,2.88677005128833,5.46082312347035,2.27038218075451e-17,1.4830697899437,4.40645182129383,"primary_upper",TRUE,0.90104426012976
"parity_group","4 - 1","sire_subset_base_upper","upper",1.6136305414205,0.167679584778772,5.02100715175646,3.61461227119771,6.97461053260795,6.37538481691394e-22,1.65640352756818,5.24042985082254,"primary_upper",TRUE,0.958128873906853
"parity_group","5 - 1","sire_subset_base_upper","upper",1.26422031062581,0.1741866876812,3.54033130102156,2.51637827719676,4.98094655901885,3.93300350025481e-13,1.40737559724364,4.08522006051306,"primary_upper",TRUE,0.866619484037522
"parity_group","6 - 1","sire_subset_base_upper","upper",1.63790352255047,0.17326844820373,5.14437313673705,3.66307736563833,7.22468360025207,3.29312580330599e-21,1.66053299435909,5.26211477463281,"primary_upper",TRUE,0.977624654166922
"calf_birth_season","Autumn - Spring","sire_subset_adjusted_upper","upper",0.319159607070599,0.159603776642579,1.37597092206904,1.00636210581895,1.88132677833575,0.0455327122542893,0.46419174118757,1.5907279492667,"sire_subset_base_upper",TRUE,0.864994496829798
"calf_birth_season","Summer - Spring","sire_subset_adjusted_upper","upper",-0.19989281950578,0.141215443171741,0.818818509747548,0.62084737377034,1.07991719097327,0.15691705260477,-0.221717748642636,0.801141455689171,"sire_subset_base_upper",TRUE,1.02206483503362
"calf_birth_season","Winter - Spring","sire_subset_adjusted_upper","upper",0.579782608974356,0.125889221478308,1.78565020422378,1.39520906138256,2.28535403051698,4.11479135991776e-06,0.778941758009542,2.17916496100441,"sire_subset_base_upper",TRUE,0.819419473136514
"calf_birth_year","2024 - 2023","sire_subset_adjusted_upper","upper",0.344996933337437,0.17090443284615,1.41198558957767,1.01008087323834,1.97380562091347,0.0435231842637407,0.401157947696968,1.49355315315159,"sire_subset_base_upper",TRUE,0.945386902768208
"calf_birth_year","2025 - 2023","sire_subset_adjusted_upper","upper",0.645268801861377,0.172385494923684,1.90649943099734,1.35988405216689,2.67283087451568,0.000181710728806482,0.776052221112036,2.17287727207329,"sire_subset_base_upper",TRUE,0.877407783449366
"calf_birth_year","2026 - 2023","sire_subset_adjusted_upper","upper",0.867041793639892,0.195831538110191,2.37986031227595,1.62128497926489,3.49336185703403,9.53368551562583e-06,0.895629208679487,2.44887615893876,"sire_subset_base_upper",TRUE,0.971817338981845
"parity_group",">=7 - 1","sire_subset_adjusted_upper","upper",1.48483102277717,0.190618627003296,4.41421944721159,3.03807891275483,6.41370217420468,6.72546979469226e-15,1.47232592403164,4.35936290523577,"sire_subset_base_upper",TRUE,1.01258361443365
"parity_group","2 - 1","sire_subset_adjusted_upper","upper",0.846614456632103,0.168343737698768,2.33173926932814,1.67643043808586,3.24320526316311,4.92833679905783e-07,0.856273516977601,2.35437080336193,"sire_subset_base_upper",TRUE,0.990387438545588
"parity_group","3 - 1","sire_subset_adjusted_upper","upper",1.38745159549544,0.162403150566716,4.00463161691849,2.91289452634964,5.50554585555846,1.30492538931267e-17,1.37886889070385,3.97040812111513,"sire_subset_base_upper",TRUE,1.00861964179988
"parity_group","4 - 1","sire_subset_adjusted_upper","upper",1.63331215008087,0.167393521991911,5.12080754414841,3.68852583578,7.10925477323167,1.71630821876791e-22,1.6136305414205,5.02100715175646,"sire_subset_base_upper",TRUE,1.01987656846038
"parity_group","5 - 1","sire_subset_adjusted_upper","upper",1.2679388226177,0.173699348437155,3.55352057245398,2.52816654825069,4.99472966588809,2.8858671447415e-13,1.26422031062581,3.54033130102156,"sire_subset_base_upper",TRUE,1.0037254342351
"parity_group","6 - 1","sire_subset_adjusted_upper","upper",1.61852732508886,0.172453130653727,5.04565423404097,3.59852989653652,7.07472978729418,6.27273731627118e-21,1.63790352255047,5.14437313673705,"sire_subset_base_upper",TRUE,0.980810314479113
"calf_birth_season","Autumn - Spring","mgs_subset_base_upper","upper",0.534208400557362,0.23031365252034,1.70609716200505,1.08632662555239,2.67945888256358,0.0203689091492537,0.329512081520998,1.3902896149533,"primary_upper",TRUE,1.22715234556532
"calf_birth_season","Summer - Spring","mgs_subset_base_upper","upper",0.0411872863742672,0.25193967199128,1.04204724852209,0.635969039406447,1.70741404198843,0.870139929016794,-0.217977012548803,0.804143926673367,"primary_upper",FALSE,1.29584669355509
"calf_birth_season","Winter - Spring","mgs_subset_base_upper","upper",1.15109388941933,0.188174656539179,3.1616495137245,2.18644806671245,4.57181114878453,9.52595950122162e-10,0.719328348938971,2.05305381168739,"primary_upper",TRUE,1.53997401126372
"calf_birth_year","2024 - 2023","mgs_subset_base_upper","upper",0.204725244933226,0.224448096325787,1.22718784256089,0.790424654766254,1.90529229047721,0.361701687948728,0.311234057830258,1.36510869817662,"primary_upper",TRUE,0.898967125621608
"calf_birth_year","2025 - 2023","mgs_subset_base_upper","upper",0.991900687426526,0.212245971495346,2.69635453214793,1.77874174130073,4.08734308878263,2.96319505732608e-06,0.757850197987403,2.1336842876163,"primary_upper",TRUE,1.2637082945201
"calf_birth_year","2026 - 2023","mgs_subset_base_upper","upper",0.88780517432163,0.254798979071345,2.42979082723833,1.47463183027879,4.00363219001951,0.000493360297280786,0.952490240750162,2.59215672291613,"primary_upper",TRUE,0.937362623855883
"parity_group",">=7 - 1","mgs_subset_base_upper","upper",2.62158551079287,0.584317414902811,13.7575189969344,4.37691624180743,43.2426207161903,7.23763139993734e-06,1.45464639038725,4.28296869889682,"primary_upper",TRUE,3.21214558501864
"parity_group","2 - 1","mgs_subset_base_upper","upper",0.780458272653482,0.216208347823155,2.18247220368647,1.42860393440475,3.33415357829651,0.000306491222841459,0.877334706411964,2.404482506548,"primary_upper",TRUE,0.907668156346765
"parity_group","3 - 1","mgs_subset_base_upper","upper",1.62318939783864,0.220129490511676,5.06923235991365,3.29281731307098,7.80399101304219,1.65840050151853e-13,1.4830697899437,4.40645182129383,"primary_upper",TRUE,1.15041138891318
"parity_group","4 - 1","mgs_subset_base_upper","upper",1.90400637188558,0.247728637366106,6.71273435123047,4.13078377381045,10.9085357495299,1.51978629270026e-14,1.65640352756818,5.24042985082254,"primary_upper",TRUE,1.28095109415058
"parity_group","5 - 1","mgs_subset_base_upper","upper",1.30479180080392,0.305872125669926,3.68692139971973,2.02444067112759,6.71463955529995,1.99179903626738e-05,1.40737559724364,4.08522006051306,"primary_upper",TRUE,0.9025025200862
"parity_group","6 - 1","mgs_subset_base_upper","upper",2.12765546851764,0.354116972463842,8.39516100075425,4.19376524194491,16.8055969188919,1.87431486210831e-09,1.66053299435909,5.26211477463281,"primary_upper",TRUE,1.59539678633104
"calf_birth_season","Autumn - Spring","mgs_subset_adjusted_upper","upper",0.534208845593757,0.266608775167841,1.70609792128055,1.01173355264876,2.87701253890145,0.0451002593658199,0.534208400557362,1.70609716200505,"mgs_subset_base_upper",TRUE,1.00000044503649
"calf_birth_season","Summer - Spring","mgs_subset_adjusted_upper","upper",0.0411834151094929,0.296191912936253,1.04204321448909,0.583131787977761,1.86210747424418,0.889416162065501,0.0411872863742672,1.04204724852209,"mgs_subset_base_upper",TRUE,0.999996128742719
"calf_birth_season","Winter - Spring","mgs_subset_adjusted_upper","upper",1.15109345221148,0.211748420573604,3.16164813142682,2.08772336685332,4.78799972528018,5.44480556967367e-08,1.15109388941933,3.1616495137245,"mgs_subset_base_upper",TRUE,0.999999562792247
"calf_birth_year","2024 - 2023","mgs_subset_adjusted_upper","upper",0.204725401456186,0.257509665132106,1.22718803464398,0.740829875419199,2.03284252207187,0.426601715846868,0.204725244933226,1.22718784256089,"mgs_subset_base_upper",TRUE,1.00000015652297
"calf_birth_year","2025 - 2023","mgs_subset_adjusted_upper","upper",0.991902989572528,0.235387504524451,2.69636073955688,1.69987030724122,4.27700937351101,2.5098152081293e-05,0.991900687426526,2.69635453214793,"mgs_subset_base_upper",TRUE,1.00000230214865
"calf_birth_year","2026 - 2023","mgs_subset_adjusted_upper","upper",0.887808603815306,0.283667201783408,2.4297991602049,1.39351747011899,4.23670609484951,0.00174952654319229,0.88780517432163,2.42979082723833,"mgs_subset_base_upper",TRUE,1.00000342949956
"parity_group",">=7 - 1","mgs_subset_adjusted_upper","upper",2.62160501507408,0.58054351132874,13.7577873300705,4.4094970767901,42.9247846008855,6.30850348739915e-06,2.62158551079287,13.7575189969344,"mgs_subset_base_upper",TRUE,1.00001950447142
"parity_group","2 - 1","mgs_subset_adjusted_upper","upper",0.780464855203093,0.27046535507099,2.18248656996531,1.28449096053045,3.70827648807424,0.00390622320306143,0.780458272653482,2.18247220368647,"mgs_subset_base_upper",TRUE,1.00000658257128
"parity_group","3 - 1","mgs_subset_adjusted_upper","upper",1.62319759691872,0.260691193080785,5.06927392312607,3.04120022207286,8.44980147021386,4.76924899046078e-10,1.62318939783864,5.06923235991365,"mgs_subset_base_upper",TRUE,1.00000819911369
"parity_group","4 - 1","mgs_subset_adjusted_upper","upper",1.90401621404933,0.277401820395334,6.71280041938626,3.89743497028276,11.5618836014198,6.7076875528959e-12,1.90400637188558,6.71273435123047,"mgs_subset_base_upper",TRUE,1.00000984221218
"parity_group","5 - 1","mgs_subset_adjusted_upper","upper",1.30480143800753,0.345880777823836,3.68695693150317,1.87177573374358,7.2624359690633,0.000161683291688099,1.30479180080392,3.68692139971973,"mgs_subset_base_upper",TRUE,1.00000963725005
"parity_group","6 - 1","mgs_subset_adjusted_upper","upper",2.12766069750486,0.378260962832342,8.3952048990586,3.99995389017032,17.6200694388946,1.85670602499459e-08,2.12765546851764,8.39516100075425,"mgs_subset_base_upper",TRUE,1.00000522900089
