"row_id","dam_id","calf_id","birth_weight","calving_date","calf_sex","service_sire","maternal_grandsire"
11,"234775","261615",24.6,"2026-06-20","female","21219011","7402563907"
31,"240375L","261604",21.2,"2026-06-17","female","41221179",
74,"235021","G62583",22.4,"2026-06-09","male","41221179",
89,"240060","261565",12.2,"2026-06-06","female","41221179",
92,"240202","261566",19.4,"2026-06-06","female","861404","865530狼血"
109,"235543","G62571",22.8,"2026-06-03","male","41221179","854282维利纳诺"
127,"213111","261544",20.2,"2026-05-31","female","21219011","180781"
153,"240156","261536",24.4,"2026-05-28","female","41221179","865530狼血"
239,"234647","261491",24.3,"2026-05-17","female","21219011","871041文尼哥"
242,"201743","G62504",19,"2026-05-17","male","21219011","865530"
293,"213484","261468",24.2,"2026-05-05","female","21219011","2544424506"
297,"61248","261465",23.6,"2026-05-04","female","65123650",
316,"00393","G62465",23.4,"2026-04-30","male","22220119",
337,"240434","261440",19.2,"2026-04-27","female","41221179","862025瓦特罗"
367,"234546","261422",22.8,"2026-04-23","female","21219011","7402563907"
380,"240109","261418",19.2,"2026-04-21","female","41120238","865530狼血"
587,"234333","261300",22.4,"2026-03-28","female","21219011","7029225762"
621,"00200","261281",22.2,"2026-03-26","female","41120238",
622,"240298","261288",24.2,"2026-03-26","female","41120238","862025瓦特罗"
868,"213156","260159",65.2,"2026-03-01","female","41121296",
907,"213784","G62168",80.2,"2026-02-23","male","41121296","606306"
937,"240279","G62159",23.2,"2026-02-21","male","41121286","862025瓦特罗"
961,"61146","G62136",67.6,"2026-02-17","male","41121286",
963,"00177","G62138",66.8,"2026-02-17","male","41121296",
1030,"00719","G62099",65.3,"2026-02-05","male","21219011",
1035,"91121","G62096",67.3,"2026-02-04","male","41121286",
1066,"00828","G62077",66.8,"2026-01-30","male","41121296","167285"
1097,"201139","G62067",72.6,"2026-01-25","male","41121286","186756"
1150,"212311","G62037",68.8,"2026-01-15","male","41121286",
1161,"212748","G62031",67.2,"2026-01-12","male","41121286",
1596,"62106","G53422",19.6,"2025-11-19","male","65123650",
1738,"202045","G53354",67.6,"2025-11-06","male","65121614","606244"
1789,"00880","G53326",66.3,"2025-10-30","male","41121286",
1910,"202229","G53261",67.8,"2025-10-16","male","15618075",
1972,"50370","G53236",65.6,"2025-10-10","male","15620193",
2116,"213506","251103",24.6,"2025-09-23","female","41121286","606306"
2164,"G9626","G53134",19.6,"2025-09-17","male","15618075","854282维利纳诺"
2328,"801011","251011",23.8,"2025-08-18","female","15618075","171350"
2358,"70504","250997",21.2,"2025-08-11","female","863302",
2643,"00523","250863",24.8,"2025-06-29","female","22220617","167285"
2940,"61041","G52717",24.3,"2025-05-15","male","863302",
2946,"800906","G52718",24.3,"2025-05-15","male","427133","171350"
3603,"234204","250385",24.6,"2025-03-11","female","22220783",
3672,"201385","G52354",65.2,"2025-03-04","male","22218621","606244"
3701,"00177","250330",67.2,"2025-02-27","female",,
3750,"201478","G52313",22.3,"2025-02-21","male",,
3826,"140586","G52263",71.6,"2025-02-14","male",,
3848,"801090","G52259",77.2,"2025-02-13","male",,
4082,"213838","250154",24.8,"2025-01-26","female",,"854282"
4526,"224922","G41366",24.5,"2024-12-18","male",,"2545109367"
4557,"62581","G41335",72.5,"2024-12-11","male",,
4586,"217010","G41316",22.2,"2024-12-06","male",,"2544424506"
4663,"H213180","241284",24.4,"2024-11-27","female",,"606045"
4694,"225509","241269",23.8,"2024-11-24","female",,"606045"
4731,"01186","241247",66.6,"2024-11-18","female",,
4741,"70503","G41238",66.6,"2024-11-16","male",,
4897,"91135","241153",14,"2024-10-15","female",,"178434"
5048,"H235233","241078",24.4,"2024-09-16","female",,"171790"
5143,"202264","241041",70.2,"2024-08-24","female","15620126","603268"
5146,"00381","G41020",23.2,"2024-08-23","male","15620128","171790"
5395,"201086","G40870",24.6,"2024-06-26","male","171206",
5448,"00658","G40845",65.1,"2024-06-15","male","862025瓦特罗",
5761,"224331","240693",23.8,"2024-04-30","female","22220785",
5866,"224161","G9645",95.4,"2024-04-15","male","22220785",
5902,"212859","240613",24.3,"2024-04-09","female","22220785",
6019,"800021","G40541",24.2,"2024-03-25","male","65119600",
6663,"H213337","G40173",23.1,"2024-02-02","male","862025瓦特罗","854062"
6741,"61252","G40129",69.7,"2024-01-26","male","865530狼血",
7222,"61242","G9950",65.3,"2023-12-05","male","865530狼血",
7350,"140536","G9817",20,"2023-11-14","male","854282维利纳诺",
7686,"212770","G9519",24.8,"2023-09-16","male","865530狼血","186967"
7738,"213152","G9480",22.8,"2023-09-06","male","854282维利纳诺",
7952,"H213013","G9304",22.7,"2023-08-05","male","854773威吉吉","603268"
7965,"50650","235150",23.3,"2023-08-02","female","862025瓦特罗",
8105,"60482","235029",24.7,"2023-07-12","female","854773威吉吉",
8210,"212630","234921",23.8,"2023-06-18","female","854773威吉吉","7029225762"
8243,"212490","G9028",23.6,"2023-06-13","male","7402563907",
8252,"800379","G9021",67.6,"2023-06-12","male","7402563907","426871"
8406,"212137","G8887",23.7,"2023-05-21","male","65118598",
8436,"60276","G8850",24.2,"2023-05-15","male","7402563907",
8475,"212642","G8824",24.6,"2023-05-07","male","7402563907",
8780,"00061","234492",65.4,"2023-03-27","female","7402563907","171790"
8787,"62501","234486",23.7,"2023-03-27","female","871041文尼哥",
