"model","outcome","n","events","dams","extra_groups","nAGQ","singular","optimizer_code","messages","variance","formula","origin"
"primary_lower","lower",9384,948,4624,,1,FALSE,"0","","dam_id=1.09673","lower_tail ~ parity_group + calf_birth_year + calf_birth_season +      (1 | dam_id)","original saved main model; reference contrasts recomputed"
"p5p95_lower","lower",9384,479,4624,,9,FALSE,"0","","dam_id=0.601547","lower_tail_p5 ~ parity_group + calf_birth_year + calf_birth_season +      (1 | dam_id)","revision cached fit"
"p15p85_lower","lower",9384,1421,4624,,1,FALSE,"0","","dam_id=0.681913","lower_tail_p15 ~ parity_group + calf_birth_year + calf_birth_season +      (1 | dam_id)","revision cached fit"
"complete_years_lower","lower",8176,768,4238,,1,FALSE,"0","","dam_id=1.48978","lower_tail ~ parity_group + calf_birth_year + calf_birth_season +      (1 | dam_id)","revision cached fit"
"weight_25_65_lower","lower",9301,893,4607,,1,FALSE,"0","","dam_id=1.19464","lower_tail ~ parity_group + calf_birth_year + calf_birth_season +      (1 | dam_id)","revision cached fit"
"sire_subset_base_lower","lower",7949,821,4445,,1,FALSE,"0","","dam_id=1.49669","lower_tail ~ parity_group + calf_birth_year + calf_birth_season +      (1 | dam_id)","revision cached fit"
"sire_subset_adjusted_lower","lower",7949,821,4445,191,1,FALSE,"0","","dam_id=0.304715; service_sire=0.12333","lower_tail ~ parity_group + calf_birth_year + calf_birth_season +      (1 | dam_id) + (1 | service_sire)","revision cached fit"
"mgs_subset_base_lower","lower",4327,461,2214,,1,FALSE,"0","","dam_id=1.0385","lower_tail ~ parity_group + calf_birth_year + calf_birth_season +      (1 | dam_id)","revision cached fit"
"mgs_subset_adjusted_lower","lower",4327,461,2214,101,1,TRUE,"0","boundary (singular) fit: see help('isSingular')","dam_id=1.03849; maternal_grandsire=0","lower_tail ~ parity_group + calf_birth_year + calf_birth_season +      (1 | dam_id) + (1 | maternal_grandsire)","revision cached fit"
"primary_upper","upper",9384,955,4624,,1,FALSE,"0","","dam_id=2.13994","upper_tail ~ parity_group + calf_birth_year + calf_birth_season +      (1 | dam_id)","original saved main model; reference contrasts recomputed"
"p5p95_upper","upper",9384,484,4624,,9,FALSE,"0","","dam_id=1.29293","upper_tail_p95 ~ parity_group + calf_birth_year + calf_birth_season +      (1 | dam_id)","revision cached fit"
"p15p85_upper","upper",9384,1444,4624,,1,FALSE,"0","","dam_id=0.85472","upper_tail_p85 ~ parity_group + calf_birth_year + calf_birth_season +      (1 | dam_id)","revision cached fit"
"complete_years_upper","upper",8176,800,4238,,1,FALSE,"0","","dam_id=3.16256","upper_tail ~ parity_group + calf_birth_year + calf_birth_season +      (1 | dam_id)","revision cached fit"
"weight_25_65_upper","upper",9301,927,4607,,1,FALSE,"0","","dam_id=2.10178","upper_tail ~ parity_group + calf_birth_year + calf_birth_season +      (1 | dam_id)","revision cached fit"
"sire_subset_base_upper","upper",7949,784,4445,,9,FALSE,"0","","dam_id=0.864599","upper_tail ~ parity_group + calf_birth_year + calf_birth_season +      (1 | dam_id)","revision cached fit"
"sire_subset_adjusted_upper","upper",7949,784,4445,191,1,FALSE,"0","","dam_id=0.745233; service_sire=0.10297","upper_tail ~ parity_group + calf_birth_year + calf_birth_season +      (1 | dam_id) + (1 | service_sire)","revision cached fit"
"mgs_subset_base_upper","upper",4327,375,2214,,1,FALSE,"0","","dam_id=2.96165","upper_tail ~ parity_group + calf_birth_year + calf_birth_season +      (1 | dam_id)","revision cached fit"
"mgs_subset_adjusted_upper","upper",4327,375,2214,101,1,TRUE,"0","boundary (singular) fit: see help('isSingular')","dam_id=2.96167; maternal_grandsire=2.79392e-15","upper_tail ~ parity_group + calf_birth_year + calf_birth_season +      (1 | dam_id) + (1 | maternal_grandsire)","revision cached fit"
