"contrast","estimate","SE","df","asymp.LCL","asymp.UCL","z.ratio","p.value","factor"
"female - male",-3.59653052146364,0.128403263396327,Inf,-3.84819629321786,-3.34486474970943,-28.0096504273622,1.23957230757412e-172,"calf_sex"
">=7 - 1",2.93282285494408,0.267516579752799,Inf,2.14409835628311,3.72154735360504,10.9631442569062,6.3726801613484e-14,"parity_group"
">=7 - 2",1.00311974061009,0.276600363501227,Inf,0.187613340096375,1.8186261411238,3.6266031176262,0.0053366047126614,"parity_group"
">=7 - 3",-0.23666921017894,0.281447295414821,Inf,-1.06646591728646,0.593127496928578,-0.840900637649108,0.980643455542118,"parity_group"
">=7 - 4",-0.276850147372035,0.289963313211606,Inf,-1.13175480058728,0.578054505843212,-0.954776465704123,0.963375511594168,"parity_group"
">=7 - 5",0.0650240880806873,0.283690842308127,Inf,-0.771387313339536,0.901435489500911,0.229207568181077,0.999988037237163,"parity_group"
">=7 - 6",-0.343731690541428,0.285469286213435,Inf,-1.18538651380454,0.497923132721684,-1.20409342490327,0.892874819058683,"parity_group"
"1 - 2",-1.92970311433399,0.200083328873123,Inf,-2.51961280666669,-1.33979342200129,-9.64449724623309,5.11812814352197e-14,"parity_group"
"1 - 3",-3.16949206512302,0.211107930908436,Inf,-3.79190581279791,-2.54707831744812,-15.0136096331584,0,"parity_group"
"1 - 4",-3.20967300231611,0.228096054984928,Inf,-3.88217317699976,-2.53717282763246,-14.0715848966709,0,"parity_group"
"1 - 5",-2.86779876686339,0.226305551338692,Inf,-3.53501996372805,-2.20057756999873,-12.6722422401888,0,"parity_group"
"1 - 6",-3.2765545454855,0.243871276036278,Inf,-3.99556512085718,-2.55754397011383,-13.4355902783651,0,"parity_group"
"2 - 3",-1.23978895078903,0.216362988752957,Inf,-1.87769629092718,-0.601881610650876,-5.7301341506454,2.10020077329176e-07,"parity_group"
"2 - 4",-1.27996988798212,0.234267896852092,Inf,-1.97066662785434,-0.589273148109906,-5.4637016218669,9.73577874208154e-07,"parity_group"
"2 - 5",-0.938095652529401,0.235275895722014,Inf,-1.63176429569099,-0.244427009367808,-3.98721530588834,0.00130519066772372,"parity_group"
"2 - 6",-1.34685143115152,0.252571086289121,Inf,-2.09151183161613,-0.602191030686907,-5.33256379793908,2.01840495139827e-06,"parity_group"
"3 - 4",-0.0401809371930953,0.234939392043514,Inf,-0.732857459808861,0.65249558542267,-0.171026820336937,0.999997904312973,"parity_group"
"3 - 5",0.301693298259627,0.237851281321359,Inf,-0.399568405928611,1.00295500244786,1.26841149050617,0.866459325642433,"parity_group"
"3 - 6",-0.107062480362488,0.256868107267829,Inf,-0.864391873979965,0.650266913254988,-0.416799428707814,0.999599646373475,"parity_group"
"4 - 5",0.341874235452722,0.245109101630514,Inf,-0.380785845950114,1.06453431685556,1.39478392755923,0.804913722648704,"parity_group"
"4 - 6",-0.0668815431693931,0.264118690863314,Inf,-0.845587977853381,0.711824891514595,-0.25322533195504,0.999978408720104,"parity_group"
"5 - 6",-0.408755778622115,0.25610061764404,Inf,-1.16382236718538,0.346310809941148,-1.59607494266279,0.684932230820806,"parity_group"
"calf_birth_year2023 - calf_birth_year2024",0.291462803601849,0.170534828099652,Inf,-0.146646588943138,0.729572196146836,1.70911013808589,0.318827116705822,"calf_birth_year"
"calf_birth_year2023 - calf_birth_year2025",-0.575166007984734,0.165353540570013,Inf,-0.999964508218125,-0.150367507751342,-3.47840152682548,0.00283753895158012,"calf_birth_year"
"calf_birth_year2023 - calf_birth_year2026",0.326344197986125,0.224370581678511,Inf,-0.250070956264343,0.902759352236593,1.45448746241487,0.465299157028987,"calf_birth_year"
"calf_birth_year2024 - calf_birth_year2025",-0.866628811586583,0.161798602219359,Inf,-1.28229456223037,-0.450963060942792,-5.35621939682548,5.08401590937346e-07,"calf_birth_year"
"calf_birth_year2024 - calf_birth_year2026",0.0348813943842762,0.220227152026842,Inf,-0.530889157423548,0.6006519461921,0.158388255322962,0.998586184995161,"calf_birth_year"
"calf_birth_year2025 - calf_birth_year2026",0.901510205970859,0.214401158654776,Inf,0.350706816270915,1.4523135956708,4.20478234178972,0.000153378077369926,"calf_birth_year"
"Autumn - Spring",-0.231869968047534,0.202392224271124,Inf,-0.751822023702914,0.288082087607845,-1.14564662196173,0.661165795723834,"calf_birth_season"
"Autumn - Summer",1.39442071903241,0.219359480890423,Inf,0.830879241946395,1.95796219611842,6.35678345596088,1.23571664012445e-09,"calf_birth_season"
"Autumn - Winter",-1.98027204480004,0.195937693177014,Inf,-2.4836422049663,-1.47690188463377,-10.1066416200533,4.17443857259059e-14,"calf_birth_season"
"Spring - Summer",1.62629068707994,0.199039444302692,Inf,1.11495202970616,2.13762934445372,8.17069547585117,4.91828799908944e-14,"calf_birth_season"
"Spring - Winter",-1.7484020767525,0.169170175569555,Inf,-2.18300563358253,-1.31379851992247,-10.3351673595304,3.8968828164343e-14,"calf_birth_season"
"Summer - Winter",-3.37469276383244,0.199239508389375,Inf,-3.88654539220243,-2.86284013546246,-16.9378693569012,0,"calf_birth_season"
