"factor","level","mean","SE","CI_low","CI_high","letters","overall_p"
"calf_sex","female",42.5836834878968,0.103351979498102,42.3811173303496,42.786249645444,"b",1.06411746566327e-165
"calf_sex","male",46.1802140093604,0.103734902079353,45.9768973373451,46.3835306813757,"a",1.06411746566327e-165
"parity_group",">=7",44.8310509822775,0.227879239625416,44.3844158797873,45.2776860847677,"a",7.51321303406008e-73
"parity_group","1",41.8982281273334,0.143659924765839,41.6166598487707,42.1797964058962,"c",7.51321303406008e-73
"parity_group","2",43.8279312416674,0.159409468758431,43.5154944241062,44.1403680592286,"b",7.51321303406008e-73
"parity_group","3",45.0677201924564,0.167930560588099,44.7385823418002,45.3968580431127,"a",7.51321303406008e-73
"parity_group","4",45.1079011296495,0.18485262171892,44.7455966486326,45.4702056106664,"a",7.51321303406008e-73
"parity_group","5",44.7660268941968,0.182829669625085,44.4076873264263,45.1243664619673,"a",7.51321303406008e-73
"parity_group","6",45.1747826728189,0.200573144832238,44.7816665326818,45.5678988129561,"a",7.51321303406008e-73
"calf_birth_year","2023",44.3926089970294,0.132608378725435,44.1327013506793,44.6525166433795,"b",9.75013251834712e-08
"calf_birth_year","2024",44.1011461934275,0.127498859424022,43.8512530208865,44.3510393659686,"b",9.75013251834712e-08
"calf_birth_year","2025",44.9677750050141,0.11465314692016,44.7430589663364,45.1924910436918,"a",9.75013251834712e-08
"calf_birth_year","2026",44.0662647990433,0.19043271833868,43.6930235296214,44.4395060684651,"b",9.75013251834712e-08
"calf_birth_season","Autumn",44.1775184251748,0.163922476960376,43.8562362740759,44.4988005762737,"b",2.18883144577054e-65
"calf_birth_season","Spring",44.4093883932223,0.124587679775252,44.1652010279454,44.6535757584992,"b",2.18883144577054e-65
"calf_birth_season","Summer",42.7830977061424,0.162987989587127,42.463647116639,43.1025482956458,"c",2.18883144577054e-65
"calf_birth_season","Winter",46.1577904699748,0.12763648781562,45.907627550743,46.4079533892066,"a",2.18883144577054e-65
