"model","outcome","factor","comparison","log_OR","SE","OR","CI_low","CI_high","p"
"primary_lower","lower","parity_group",">=7 - 1",-0.74068139298826,0.158014577845324,0.476788924180382,0.349803302757316,0.649872875496546,2.76664806171324e-06
"primary_lower","lower","parity_group","2 - 1",-0.462114257203407,0.114595370790176,0.629950359463489,0.503225420720369,0.788587855558062,5.51693483297619e-05
"primary_lower","lower","parity_group","3 - 1",-0.723464809965799,0.127362084907346,0.48506867022923,0.377913513660894,0.622607041909284,1.34397234336989e-08
"primary_lower","lower","parity_group","4 - 1",-0.678443116232748,0.136163740349501,0.507406350447167,0.388555546205723,0.662611065491776,6.27506445976976e-07
"primary_lower","lower","parity_group","5 - 1",-0.739932995363761,0.137546648858335,0.477145885436443,0.36439403856536,0.624785731636198,7.46905884203007e-08
"primary_lower","lower","parity_group","6 - 1",-0.717597631492053,0.144568257385681,0.487923019991105,0.367531514863373,0.647750910628005,6.91524671669e-07
"primary_lower","lower","calf_birth_year","2024 - 2023",0.305491415749661,0.104834302531708,1.35729183373123,1.10519297578669,1.66689543118218,0.00356783481682571
"primary_lower","lower","calf_birth_year","2025 - 2023",-0.034963881117738,0.103923914798655,0.965640293475767,0.787689729260324,1.18379247785748,0.73654112709042
"primary_lower","lower","calf_birth_year","2026 - 2023",0.726907766239794,0.128373434283574,2.06867388401257,1.6084974115642,2.66050265771587,1.4922948644671e-08
"primary_lower","lower","calf_birth_season","Autumn - Spring",0.228465293724263,0.11658714964666,1.25666991004264,0.999958680210313,1.57928451851073,0.0500414424200259
"primary_lower","lower","calf_birth_season","Summer - Spring",0.807469592303325,0.105781836083674,2.24222705357522,1.82237574337964,2.75880656228494,2.2873392721723e-14
"primary_lower","lower","calf_birth_season","Winter - Spring",-0.855355881809727,0.116345898160378,0.425131867458845,0.338446363737944,0.534019933713893,1.95503608947892e-13
"primary_upper","upper","parity_group",">=7 - 1",1.45464639038725,0.183832113701905,4.28296869889682,2.98721665226546,6.14077350627321,2.51447514583607e-15
"primary_upper","upper","parity_group","2 - 1",0.877334706411964,0.159757543496675,2.404482506548,1.75806834469814,3.28857301920651,3.98164969734271e-08
"primary_upper","upper","parity_group","3 - 1",1.4830697899437,0.158399619632627,4.40645182129383,3.2304202602358,6.01061660378713,7.7624009460561e-21
"primary_upper","upper","parity_group","4 - 1",1.65640352756818,0.166057979690534,5.24042985082254,3.78458360152056,7.25630820002451,1.9639692532158e-23
"primary_upper","upper","parity_group","5 - 1",1.40737559724364,0.169214419458225,4.08522006051306,2.93210744632918,5.69181834168866,9.013114106138e-17
"primary_upper","upper","parity_group","6 - 1",1.66053299435909,0.172154935109821,5.26211477463281,3.75510227470157,7.3739274927231,5.13237513371928e-22
"primary_upper","upper","calf_birth_year","2024 - 2023",0.311234057830258,0.117908335517357,1.36510869817662,1.08343653556984,1.7200100759546,0.00829972531515032
"primary_upper","upper","calf_birth_year","2025 - 2023",0.757850197987403,0.112868179860167,2.1336842876163,1.71023815109027,2.66197350136203,1.88748821497978e-11
"primary_upper","upper","calf_birth_year","2026 - 2023",0.952490240750162,0.14606818752264,2.59215672291613,1.94682891981507,3.45139545019577,6.99052847024509e-11
"primary_upper","upper","calf_birth_season","Autumn - Spring",0.329512081520998,0.132484833592533,1.3902896149533,1.07234364879325,1.80250539612201,0.0128764458977482
"primary_upper","upper","calf_birth_season","Summer - Spring",-0.217977012548803,0.142115189472351,0.804143926673367,0.608646484177413,1.06243520929823,0.125077590384386
"primary_upper","upper","calf_birth_season","Winter - Spring",0.719328348938971,0.108458613436041,2.05305381168739,1.65989338232577,2.53933776624749,3.30531366802907e-11
