"factor","comparison","model","outcome","log_OR","SE","OR","CI_low","CI_high","p","reference_log_OR","reference_OR","reference_model","same_direction","OR_ratio","scenario","scenario_label","tail"
"calf_birth_season","Autumn - Spring","p5p95_lower","lower",0.105284394343437,0.151668572440336,1.11102653509196,0.825322924806288,1.495632708819,0.487573034821557,0.228465293724263,1.25666991004264,"primary_lower",TRUE,0.884103714279485,"p5p95","P5/P95","Lower tail"
"calf_birth_season","Summer - Spring","p5p95_lower","lower",0.753489237400171,0.128903051514156,2.12439963425072,1.65011321207108,2.73500858788964,5.05367991140516e-09,0.807469592303325,2.24222705357522,"primary_lower",TRUE,0.947450719080107,"p5p95","P5/P95","Lower tail"
"calf_birth_season","Winter - Spring","p5p95_lower","lower",-0.874031191550708,0.155048990968426,0.417266074819776,0.307918041733114,0.56544584466542,1.72908406252015e-08,-0.855355881809727,0.425131867458845,"primary_lower",TRUE,0.981497993349485,"p5p95","P5/P95","Lower tail"
"calf_birth_year","2024 - 2023","p5p95_lower","lower",0.153865570991622,0.137242090925827,1.1663340871047,0.89125563527362,1.52631315741944,0.262234559882529,0.305491415749661,1.35729183373123,"primary_lower",TRUE,0.859309735842451,"p5p95","P5/P95","Lower tail"
"calf_birth_year","2025 - 2023","p5p95_lower","lower",-0.131356464336944,0.135506307857512,0.876905133264756,0.672371712748552,1.14365699532879,0.332357984359689,-0.034963881117738,0.965640293475767,"primary_lower",TRUE,0.908107438338542,"p5p95","P5/P95","Lower tail"
"calf_birth_year","2026 - 2023","p5p95_lower","lower",0.65370858690288,0.159053779734043,1.92265796775086,1.40771652673067,2.62596452535868,3.95685487571549e-05,0.726907766239794,2.06867388401257,"primary_lower",TRUE,0.929415691187401,"p5p95","P5/P95","Lower tail"
"parity_group",">=7 - 1","p5p95_lower","lower",-0.736810982528617,0.205399522604413,0.478637868798756,0.320015243215325,0.715885303294966,0.000334236626280109,-0.74068139298826,0.476788924180382,"primary_lower",TRUE,1.00387791017074,"p5p95","P5/P95","Lower tail"
"parity_group","2 - 1","p5p95_lower","lower",-0.449997582807884,0.149207365990128,0.637629692893377,0.475951820944491,0.85422853189739,0.00256200259258342,-0.462114257203407,0.629950359463489,"primary_lower",TRUE,1.0121903786775,"p5p95","P5/P95","Lower tail"
"parity_group","3 - 1","p5p95_lower","lower",-0.713479563068777,0.168100897899873,0.489936463275914,0.352413079991174,0.681126075267476,2.19224946841956e-05,-0.723464809965799,0.48506867022923,"primary_lower",TRUE,1.01003526581996,"p5p95","P5/P95","Lower tail"
"parity_group","4 - 1","p5p95_lower","lower",-0.561430539966771,0.173000316088654,0.570392510648844,0.40636442282364,0.800630168220928,0.00117344540816508,-0.678443116232748,0.507406350447167,"primary_lower",TRUE,1.12413356700437,"p5p95","P5/P95","Lower tail"
"parity_group","5 - 1","p5p95_lower","lower",-0.588531177284389,0.172878176705527,0.555142091499059,0.395594264590608,0.779037436432202,0.000663310466697884,-0.739932995363761,0.477145885436443,"primary_lower",TRUE,1.16346406506529,"p5p95","P5/P95","Lower tail"
"parity_group","6 - 1","p5p95_lower","lower",-0.635358392912663,0.185017798924318,0.52974559722423,0.368620870148981,0.761298180607728,0.000594657970039745,-0.717597631492053,0.487923019991105,"primary_lower",TRUE,1.08571552380105,"p5p95","P5/P95","Lower tail"
"calf_birth_season","Autumn - Spring","p15p85_lower","lower",0.224579818677398,0.0958469189961727,1.25179662411142,1.03740594066799,1.51049336302022,0.0191237737167919,0.228465293724263,1.25666991004264,"primary_lower",TRUE,0.996122063644345,"p15p85","P15/P85","Lower tail"
"calf_birth_season","Summer - Spring","p15p85_lower","lower",0.609357724240304,0.0897689227525193,1.83924971383124,1.54251448710001,2.19306822601594,1.13643576284394e-11,0.807469592303325,2.24222705357522,"primary_lower",TRUE,0.820278085084452,"p15p85","P15/P85","Lower tail"
"calf_birth_season","Winter - Spring","p15p85_lower","lower",-0.71492574632343,0.0915050222955717,0.489228437457822,0.408905052883862,0.585330169753126,5.58570949799211e-15,-0.855355881809727,0.425131867458845,"primary_lower",TRUE,1.15076867886217,"p15p85","P15/P85","Lower tail"
"calf_birth_year","2024 - 2023","p15p85_lower","lower",0.245448265514818,0.0875705265368771,1.27819415516365,1.0766056632007,1.51752898404543,0.00506510425749791,0.305491415749661,1.35729183373123,"primary_lower",TRUE,0.941723897100201,"p15p85","P15/P85","Lower tail"
"calf_birth_year","2025 - 2023","p15p85_lower","lower",-0.00726651601230566,0.0857773417333933,0.992759821283102,0.839132199911252,1.17451345909297,0.932489003930635,-0.034963881117738,0.965640293475767,"primary_lower",TRUE,1.02808450309144,"p15p85","P15/P85","Lower tail"
"calf_birth_year","2026 - 2023","p15p85_lower","lower",0.679975285433217,0.107489646838816,1.97382894930024,1.5988737080788,2.43671573396319,2.51661807275978e-10,0.726907766239794,2.06867388401257,"primary_lower",TRUE,0.954151818976727,"p15p85","P15/P85","Lower tail"
"parity_group",">=7 - 1","p15p85_lower","lower",-0.73036391999702,0.128786623108043,0.481733645679569,0.374268785090562,0.620055197292436,1.4187002859488e-08,-0.74068139298826,0.476788924180382,"primary_lower",TRUE,1.01037088163843,"p15p85","P15/P85","Lower tail"
"parity_group","2 - 1","p15p85_lower","lower",-0.542731855062377,0.0961742346390001,0.581158441166283,0.481316658792437,0.701710874886783,1.6690399347355e-08,-0.462114257203407,0.629950359463489,"primary_lower",TRUE,0.922546407722093,"p15p85","P15/P85","Lower tail"
"parity_group","3 - 1","p15p85_lower","lower",-0.792116300678383,0.1060586284753,0.452885338841473,0.367884079152558,0.557526519250378,8.10128706215656e-14,-0.723464809965799,0.48506867022923,"primary_lower",TRUE,0.933652009781321,"p15p85","P15/P85","Lower tail"
"parity_group","4 - 1","p15p85_lower","lower",-0.797222919291306,0.114579086481758,0.450578521172658,0.359948683985529,0.564027631645131,3.45529986761612e-12,-0.678443116232748,0.507406350447167,"primary_lower",TRUE,0.888003314849278,"p15p85","P15/P85","Lower tail"
"parity_group","5 - 1","p15p85_lower","lower",-0.764597447753557,0.113117984337074,0.465521289901922,0.37295234717678,0.581066382856757,1.38668004287371e-11,-0.739932995363761,0.477145885436443,"primary_lower",TRUE,0.975637229850807,"p15p85","P15/P85","Lower tail"
"parity_group","6 - 1","p15p85_lower","lower",-0.73113304545563,0.119217481318062,0.48136327451761,0.381061303521833,0.608066470966241,8.63635453446345e-10,-0.717597631492053,0.487923019991105,"primary_lower",TRUE,0.986555777848698,"p15p85","P15/P85","Lower tail"
"calf_birth_season","Autumn - Spring","complete_years_lower","lower",0.315857045699303,0.125654556779485,1.37143418919664,1.07205636431469,1.75441497098872,0.0119474208243545,0.228465293724263,1.25666991004264,"primary_lower",TRUE,1.0913241243678,"complete_years","2023-2025 only","Lower tail"
"calf_birth_season","Summer - Spring","complete_years_lower","lower",0.92271065370921,0.121844113065164,2.51610143426012,1.98159203632278,3.19478798432887,3.65043936391644e-14,0.807469592303325,2.24222705357522,"primary_lower",TRUE,1.12214391055901,"complete_years","2023-2025 only","Lower tail"
"calf_birth_season","Winter - Spring","complete_years_lower","lower",-0.670884931521451,0.131835847278778,0.511255951037639,0.39483850568081,0.661998877289602,3.60355530254086e-07,-0.855355881809727,0.425131867458845,"primary_lower",TRUE,1.20258204611568,"complete_years","2023-2025 only","Lower tail"
"calf_birth_year","2024 - 2023","complete_years_lower","lower",0.290692532480358,0.106867304632573,1.3373533280187,1.08462734186423,1.64896629001502,0.00652570478590557,0.305491415749661,1.35729183373123,"primary_lower",TRUE,0.985310082019936,"complete_years","2023-2025 only","Lower tail"
"calf_birth_year","2025 - 2023","complete_years_lower","lower",-0.028124858702953,0.106074115214158,0.972266963230305,0.789759899645652,1.1969499188465,0.790898943135469,-0.034963881117738,0.965640293475767,"primary_lower",TRUE,1.00686246193258,"complete_years","2023-2025 only","Lower tail"
"parity_group",">=7 - 1","complete_years_lower","lower",-0.662699379814635,0.186081466336804,0.515458037796731,0.357931965184677,0.742311429470035,0.000368966845043687,-0.74068139298826,0.476788924180382,"primary_lower",TRUE,1.08110321287942,"complete_years","2023-2025 only","Lower tail"
"parity_group","2 - 1","complete_years_lower","lower",-0.358643741562506,0.131117661150382,0.698623197430898,0.540300595939199,0.903338577926527,0.00623269083669823,-0.462114257203407,0.629950359463489,"primary_lower",TRUE,1.1090130943427,"complete_years","2023-2025 only","Lower tail"
"parity_group","3 - 1","complete_years_lower","lower",-0.54181535089328,0.142083648827084,0.581691319455804,0.440302105006254,0.768483246577773,0.000137093134509054,-0.723464809965799,0.48506867022923,"primary_lower",TRUE,1.19919375370278,"complete_years","2023-2025 only","Lower tail"
"parity_group","4 - 1","complete_years_lower","lower",-0.544508267967401,0.150255422327947,0.580126980233031,0.43214094420644,0.778790618445825,0.000290211452501973,-0.678443116232748,0.507406350447167,"primary_lower",TRUE,1.14331832804571,"complete_years","2023-2025 only","Lower tail"
"parity_group","5 - 1","complete_years_lower","lower",-0.658353687344548,0.152408878730373,0.517702934191998,0.384016560669745,0.697929088275697,1.56273723085245e-05,-0.739932995363761,0.477145885436443,"primary_lower",TRUE,1.08499926331432,"complete_years","2023-2025 only","Lower tail"
"parity_group","6 - 1","complete_years_lower","lower",-0.590444251839883,0.161530999834389,0.554081078511199,0.403717786292007,0.760446658503368,0.000256881479916006,-0.717597631492053,0.487923019991105,"primary_lower",TRUE,1.13559118100495,"complete_years","2023-2025 only","Lower tail"
"calf_birth_season","Autumn - Spring","weight_25_65_lower","lower",0.221992138155053,0.120093835464079,1.24856156182829,0.986701759286874,1.57991607798671,0.0645316290145428,0.228465293724263,1.25666991004264,"primary_lower",TRUE,0.99354775016928,"weight_25_65","25-65 kg only","Lower tail"
"calf_birth_season","Summer - Spring","weight_25_65_lower","lower",0.809481161879044,0.109012056914814,2.24674198882881,1.8145208827913,2.78191869393162,1.12260221344131e-13,0.807469592303325,2.24222705357522,"primary_lower",TRUE,1.00201359413909,"weight_25_65","25-65 kg only","Lower tail"
"calf_birth_season","Winter - Spring","weight_25_65_lower","lower",-0.83421343331313,0.119546353783589,0.43421588689785,0.343516552326783,0.548862740841458,2.9907363900795e-12,-0.855355881809727,0.425131867458845,"primary_lower",TRUE,1.02136753354507,"weight_25_65","25-65 kg only","Lower tail"
"calf_birth_year","2024 - 2023","weight_25_65_lower","lower",0.305545199209955,0.107433339649616,1.3573648355458,1.09963655730328,1.67549840403144,0.00445448255582384,0.305491415749661,1.35729183373123,"primary_lower",TRUE,1.00005378490665,"weight_25_65","25-65 kg only","Lower tail"
"calf_birth_year","2025 - 2023","weight_25_65_lower","lower",-0.025628799790863,0.106407809447375,0.974696830132707,0.791216001938218,1.20072636087172,0.809667887444856,-0.034963881117738,0.965640293475767,"primary_lower",TRUE,1.0093787890979,"weight_25_65","25-65 kg only","Lower tail"
"calf_birth_year","2026 - 2023","weight_25_65_lower","lower",0.663885266578294,0.133316690415148,1.94232414045743,1.49569256660393,2.5223252096316,6.36628163223575e-07,0.726907766239794,2.06867388401257,"primary_lower",TRUE,0.938922348016469,"weight_25_65","25-65 kg only","Lower tail"
"parity_group",">=7 - 1","weight_25_65_lower","lower",-0.691881080339226,0.162029948148413,0.500633451031986,0.36441791815954,0.687764897944644,1.9540157100316e-05,-0.74068139298826,0.476788924180382,"primary_lower",TRUE,1.05001065595765,"weight_25_65","25-65 kg only","Lower tail"
"parity_group","2 - 1","weight_25_65_lower","lower",-0.440585442739442,0.117982795797509,0.643659484984499,0.510774297970053,0.811116640475127,0.000188223503215725,-0.462114257203407,0.629950359463489,"primary_lower",TRUE,1.02176223144421,"weight_25_65","25-65 kg only","Lower tail"
"parity_group","3 - 1","weight_25_65_lower","lower",-0.678492985482551,0.130504376222207,0.507381047104059,0.392869861684911,0.655269217792225,2.00357468109603e-07,-0.723464809965799,0.48506867022923,"primary_lower",TRUE,1.04599838794842,"weight_25_65","25-65 kg only","Lower tail"
"parity_group","4 - 1","weight_25_65_lower","lower",-0.638599992867974,0.139601413030532,0.528031154190449,0.401634127813972,0.694206195358079,4.77467565621387e-06,-0.678443116232748,0.507406350447167,"primary_lower",TRUE,1.04064750810688,"weight_25_65","25-65 kg only","Lower tail"
"parity_group","5 - 1","weight_25_65_lower","lower",-0.75132583446023,0.142860842762682,0.471740687875814,0.356533191000402,0.624175482717668,1.44727026741269e-07,-0.739932995363761,0.477145885436443,"primary_lower",TRUE,0.988671813536263,"weight_25_65","25-65 kg only","Lower tail"
"parity_group","6 - 1","weight_25_65_lower","lower",-0.678393267714219,0.1484137475609,0.507431644532459,0.379356505701103,0.678746429818161,4.8549551541543e-06,-0.717597631492053,0.487923019991105,"primary_lower",TRUE,1.03998299678853,"weight_25_65","25-65 kg only","Lower tail"
"calf_birth_season","Autumn - Spring","p5p95_upper","upper",0.392375236775492,0.169885919721521,1.48049314265964,1.06120489146347,2.06544463099818,0.0209081188587101,0.329512081520998,1.3902896149533,"primary_upper",TRUE,1.06488110587618,"p5p95","P5/P95","Upper tail"
"calf_birth_season","Summer - Spring","p5p95_upper","upper",-0.0876580431291964,0.185052928698338,0.916074080995259,0.637401758198492,1.31658206316082,0.635719746961267,-0.217977012548803,0.804143926673367,"primary_upper",TRUE,1.13919169269229,"p5p95","P5/P95","Upper tail"
"calf_birth_season","Winter - Spring","p5p95_upper","upper",0.8644725351709,0.136519074542998,2.37375368412586,1.81647909799038,3.10199360902909,2.41615875446948e-10,0.719328348938971,2.05305381168739,"primary_upper",TRUE,1.15620626727504,"p5p95","P5/P95","Upper tail"
"calf_birth_year","2024 - 2023","p5p95_upper","upper",0.276395799130809,0.164897279002119,1.31836957030506,0.95428116487756,1.82136920215684,0.0937049853361439,0.311234057830258,1.36510869817662,"primary_upper",TRUE,0.96576160716433,"p5p95","P5/P95","Upper tail"
"calf_birth_year","2025 - 2023","p5p95_upper","upper",0.904894452462307,0.152075175245847,2.47167103049817,1.83461121300749,3.3299467700239,2.67634917100869e-09,0.757850197987403,2.1336842876163,"primary_upper",TRUE,1.15840522651055,"p5p95","P5/P95","Upper tail"
"calf_birth_year","2026 - 2023","p5p95_upper","upper",1.22733988927415,0.184894041401888,3.41214078081202,2.37489737771617,4.90240328585344,3.1781344131814e-11,0.952490240750162,2.59215672291613,"primary_upper",TRUE,1.31633274741715,"p5p95","P5/P95","Upper tail"
"parity_group",">=7 - 1","p5p95_upper","upper",1.73113681912153,0.243732428208746,5.64706995790224,3.50233552204497,9.10518107380592,1.22420928534232e-12,1.45464639038725,4.28296869889682,"primary_upper",TRUE,1.31849433299776,"p5p95","P5/P95","Upper tail"
"parity_group","2 - 1","p5p95_upper","upper",0.984348503368183,0.236253253202398,2.67606786717008,1.68421677850049,4.25202938310363,3.09315773936001e-05,0.877334706411964,2.404482506548,"primary_upper",TRUE,1.11294960969044,"p5p95","P5/P95","Upper tail"
"parity_group","3 - 1","p5p95_upper","upper",1.7538404179695,0.224867545499317,5.77674524667847,3.71771089286726,8.97616479781871,6.21836159852492e-15,1.4830697899437,4.40645182129383,"primary_upper",TRUE,1.31097433512442,"p5p95","P5/P95","Upper tail"
"parity_group","4 - 1","p5p95_upper","upper",1.72447848206813,0.234123561582855,5.60959476244994,3.54523601073406,8.8760108787201,1.76250386149588e-13,1.65640352756818,5.24042985082254,"primary_upper",TRUE,1.07044554018206,"p5p95","P5/P95","Upper tail"
"parity_group","5 - 1","p5p95_upper","upper",1.66587064608092,0.236275290237916,5.29027720437737,3.32935831350972,8.40613423481345,1.78212511183677e-12,1.40737559724364,4.08522006051306,"primary_upper",TRUE,1.29497973818159,"p5p95","P5/P95","Upper tail"
"parity_group","6 - 1","p5p95_upper","upper",1.84208090251189,0.238707998283179,6.30965438526527,3.95200017060622,10.0738200260225,1.19212084349075e-14,1.66053299435909,5.26211477463281,"primary_upper",TRUE,1.19907198065735,"p5p95","P5/P95","Upper tail"
"calf_birth_season","Autumn - Spring","p15p85_upper","upper",0.0873047607232053,0.1019645923959,1.09122919284523,0.893559666626541,1.33262634359181,0.391872644765239,0.329512081520998,1.3902896149533,"primary_upper",TRUE,0.78489343594923,"p15p85","P15/P85","Upper tail"
"calf_birth_season","Summer - Spring","p15p85_upper","upper",-0.347149273567531,0.108467206672062,0.706699828779188,0.57135697350699,0.8741026558774,0.00137189463261832,-0.217977012548803,0.804143926673367,"primary_upper",TRUE,0.878822565635369,"p15p85","P15/P85","Upper tail"
"calf_birth_season","Winter - Spring","p15p85_upper","upper",0.495892490649346,0.0824781986157565,1.64196302195096,1.39687582839311,1.93005169869372,1.82788809455802e-09,0.719328348938971,2.05305381168739,"primary_upper",TRUE,0.799766188593685,"p15p85","P15/P85","Upper tail"
"calf_birth_year","2024 - 2023","p15p85_upper","upper",0.33629317493972,0.0920045837430093,1.39974933608873,1.16878822198749,1.67635005813894,0.000257003114065056,0.311234057830258,1.36510869817662,"primary_upper",TRUE,1.02537573598233,"p15p85","P15/P85","Upper tail"
"calf_birth_year","2025 - 2023","p15p85_upper","upper",0.63304114538597,0.0884155011433424,1.88332935742449,1.58367793280575,2.23967853252394,8.07692534494888e-13,0.757850197987403,2.1336842876163,"primary_upper",TRUE,0.882665429161731,"p15p85","P15/P85","Upper tail"
"calf_birth_year","2026 - 2023","p15p85_upper","upper",0.678566279062517,0.114954414171883,1.97104977013637,1.57343286002915,2.46914710824245,3.57131602036657e-09,0.952490240750162,2.59215672291613,"primary_upper",TRUE,0.760389891826823,"p15p85","P15/P85","Upper tail"
"parity_group",">=7 - 1","p15p85_upper","upper",1.23688500224713,0.139581283241322,3.44486598446405,2.62035738295406,4.52881035545582,7.90187581281568e-19,1.45464639038725,4.28296869889682,"primary_upper",TRUE,0.804317338427282,"p15p85","P15/P85","Upper tail"
"parity_group","2 - 1","p15p85_upper","upper",0.787245194686741,0.121206447210202,2.19733485113676,1.73270699652855,2.78655332822779,8.29910112986367e-11,0.877334706411964,2.404482506548,"primary_upper",TRUE,0.913849381375358,"p15p85","P15/P85","Upper tail"
"parity_group","3 - 1","p15p85_upper","upper",1.26833967110137,0.120503143975694,3.55494528131423,2.80711663749892,4.50199887825045,6.60045639853162e-26,1.4830697899437,4.40645182129383,"primary_upper",TRUE,0.806759139890114,"p15p85","P15/P85","Upper tail"
"parity_group","4 - 1","p15p85_upper","upper",1.4331241796654,0.125909100905173,4.19177461331409,3.27509500086907,5.36502739742264,5.12817743677966e-30,1.65640352756818,5.24042985082254,"primary_upper",TRUE,0.799891370105097,"p15p85","P15/P85","Upper tail"
"parity_group","5 - 1","p15p85_upper","upper",1.23567957588805,0.127769971507002,3.44071595398349,2.67849490305973,4.41984274917717,3.99950525816627e-22,1.40737559724364,4.08522006051306,"primary_upper",TRUE,0.842235155760833,"p15p85","P15/P85","Upper tail"
"parity_group","6 - 1","p15p85_upper","upper",1.40971524383853,0.131095236257471,4.09478922157945,3.16696368951632,5.29443985248978,5.71367941612693e-27,1.66053299435909,5.26211477463281,"primary_upper",TRUE,0.778164178652903,"p15p85","P15/P85","Upper tail"
"calf_birth_season","Autumn - Spring","complete_years_upper","upper",0.266246888424114,0.144781063833732,1.30505722243707,0.982633779336498,1.73327478624354,0.0659207615219014,0.329512081520998,1.3902896149533,"primary_upper",TRUE,0.938694505375345,"complete_years","2023-2025 only","Upper tail"
"calf_birth_season","Summer - Spring","complete_years_upper","upper",-0.256014068108768,0.159012728581136,0.774131078155435,0.566842784786459,1.05722246494124,0.107392948118192,-0.217977012548803,0.804143926673367,"primary_upper",TRUE,0.962677267685039,"complete_years","2023-2025 only","Upper tail"
"calf_birth_season","Winter - Spring","complete_years_upper","upper",0.601697542700753,0.128683788820483,1.82521455170163,1.41833259276669,2.3488201404474,2.92833351505828e-06,0.719328348938971,2.05305381168739,"primary_upper",TRUE,0.889024214227246,"complete_years","2023-2025 only","Upper tail"
"calf_birth_year","2024 - 2023","complete_years_upper","upper",0.364410141731723,0.123154283127476,1.43966455960269,1.13092081594961,1.83269598980338,0.00308666606610454,0.311234057830258,1.36510869817662,"primary_upper",TRUE,1.05461532955263,"complete_years","2023-2025 only","Upper tail"
"calf_birth_year","2025 - 2023","complete_years_upper","upper",0.846944796966756,0.122462073397582,2.33250966409792,1.83477809242525,2.96526394966853,4.64652090363956e-12,0.757850197987403,2.1336842876163,"primary_upper",TRUE,1.0931840655319,"complete_years","2023-2025 only","Upper tail"
"parity_group",">=7 - 1","complete_years_upper","upper",1.21446489870814,0.217410944285619,3.36849109804165,2.1997578322677,5.15817337306109,2.32313945177681e-08,1.45464639038725,4.28296869889682,"primary_upper",TRUE,0.786485107609889,"complete_years","2023-2025 only","Upper tail"
"parity_group","2 - 1","complete_years_upper","upper",0.897484190180463,0.178987301604176,2.45342299475615,1.72750042960612,3.48438951912194,5.32451919044145e-07,0.877334706411964,2.404482506548,"primary_upper",TRUE,1.02035385496666,"complete_years","2023-2025 only","Upper tail"
"parity_group","3 - 1","complete_years_upper","upper",1.41064182167483,0.183640486184097,4.098585120843,2.85968958620861,5.87420399535985,1.57186837923436e-14,1.4830697899437,4.40645182129383,"primary_upper",TRUE,0.930132743318992,"complete_years","2023-2025 only","Upper tail"
"parity_group","4 - 1","complete_years_upper","upper",1.61637848101505,0.191879502027359,5.03482355073404,3.4566557232113,7.33351835324692,3.64078238906318e-17,1.65640352756818,5.24042985082254,"primary_upper",TRUE,0.960765374989949,"complete_years","2023-2025 only","Upper tail"
"parity_group","5 - 1","complete_years_upper","upper",1.43518838586199,0.191439454912614,4.20043623705872,2.88629579743507,6.11290935505472,6.5381409467284e-14,1.40737559724364,4.08522006051306,"primary_upper",TRUE,1.02820317506499,"complete_years","2023-2025 only","Upper tail"
"parity_group","6 - 1","complete_years_upper","upper",1.59781148113824,0.199623164983166,4.94220447242181,3.34195935189602,7.30870201439424,1.2030582372479e-15,1.66053299435909,5.26211477463281,"primary_upper",TRUE,0.939204993446132,"complete_years","2023-2025 only","Upper tail"
"calf_birth_season","Autumn - Spring","weight_25_65_upper","upper",0.296965118226986,0.133168462274336,1.34576835584305,1.03661409943073,1.74712312767411,0.0257477183858592,0.329512081520998,1.3902896149533,"primary_upper",TRUE,0.967976989375879,"weight_25_65","25-65 kg only","Upper tail"
"calf_birth_season","Summer - Spring","weight_25_65_upper","upper",-0.231439095608865,0.142920415877774,0.793391015028376,0.599560757085846,1.04988409479513,0.105370593872578,-0.217977012548803,0.804143926673367,"primary_upper",TRUE,0.986628125527884,"weight_25_65","25-65 kg only","Upper tail"
"calf_birth_season","Winter - Spring","weight_25_65_upper","upper",0.687535312416828,0.108914683298444,1.98880769794874,1.60651374557887,2.46207420901646,2.74378186402437e-10,0.719328348938971,2.05305381168739,"primary_upper",TRUE,0.968707048313631,"weight_25_65","25-65 kg only","Upper tail"
"calf_birth_year","2024 - 2023","weight_25_65_upper","upper",0.296745874924129,0.118699729768422,1.34547333748541,1.06619760552738,1.69790148889773,0.0124203494578331,0.311234057830258,1.36510869817662,"primary_upper",TRUE,0.985616265783498,"weight_25_65","25-65 kg only","Upper tail"
"calf_birth_year","2025 - 2023","weight_25_65_upper","upper",0.752436108893056,0.113398546283587,2.12216354608614,1.69923651656153,2.65035389272947,3.23790253122973e-11,0.757850197987403,2.1336842876163,"primary_upper",TRUE,0.99460054067182,"weight_25_65","25-65 kg only","Upper tail"
"calf_birth_year","2026 - 2023","weight_25_65_upper","upper",0.908385163513434,0.147925168261967,2.48031399615069,1.85606222706037,3.31452115656944,8.20849299244961e-10,0.952490240750162,2.59215672291613,"primary_upper",TRUE,0.956853408678307,"weight_25_65","25-65 kg only","Upper tail"
"parity_group",">=7 - 1","weight_25_65_upper","upper",1.41126599626847,0.184947175913982,4.10114415210334,2.85415604209223,5.89294457215523,2.33584495990029e-14,1.45464639038725,4.28296869889682,"primary_upper",TRUE,0.957547075503889,"weight_25_65","25-65 kg only","Upper tail"
"parity_group","2 - 1","weight_25_65_upper","upper",0.879729197788133,0.160324829944395,2.41024691783641,1.76032474330244,3.30012415438837,4.08429795074145e-08,0.877334706411964,2.404482506548,"primary_upper",TRUE,1.00239736046019,"weight_25_65","25-65 kg only","Upper tail"
"parity_group","3 - 1","weight_25_65_upper","upper",1.43280433890344,0.159619685982357,4.19043412731025,3.06471782998294,5.72964271083456,2.79863394870773e-19,1.4830697899437,4.40645182129383,"primary_upper",TRUE,0.950976953171329,"weight_25_65","25-65 kg only","Upper tail"
"parity_group","4 - 1","weight_25_65_upper","upper",1.62979821304265,0.166846543235337,5.10284492708934,3.67952989227593,7.07672640588748,1.54095458616521e-22,1.65640352756818,5.24042985082254,"primary_upper",TRUE,0.97374548889122,"weight_25_65","25-65 kg only","Upper tail"
"parity_group","5 - 1","weight_25_65_upper","upper",1.38593217677701,0.169974832097969,3.99855152495181,2.86562829869178,5.57937479365119,3.52811717397833e-16,1.40737559724364,4.08522006051306,"primary_upper",TRUE,0.978784855092882,"weight_25_65","25-65 kg only","Upper tail"
"parity_group","6 - 1","weight_25_65_upper","upper",1.62022686059896,0.173079843527632,5.05423679370001,3.60022592643145,7.0954740310177,7.88713909973915e-21,1.66053299435909,5.26211477463281,"primary_upper",TRUE,0.9604953540856,"weight_25_65","25-65 kg only","Upper tail"
