"tau","term","estimate","bootstrap_SE","CI_low","CI_high","successful_replicates","n","dams","method","label"
0.1,"calf_sexmale",2.80000000007503,0.270919419974481,2.29999999999768,3.32499999977032,999,9384,4624,"dam-level pairs bootstrap; empirical percentile 95% CI","Male vs female"
0.1,"parity_group2",1.30000000014925,0.411484376079585,0.400000000018186,2.00000000000223,999,9384,4624,"dam-level pairs bootstrap; empirical percentile 95% CI","Parity 2 vs 1"
0.1,"parity_group3",2.50000000000222,0.425787375034415,1.60000000000003,3.20000000000288,999,9384,4624,"dam-level pairs bootstrap; empirical percentile 95% CI","Parity 3 vs 1"
0.1,"parity_group4",1.99999999985649,0.501816040767803,0.997499999931067,2.89999999999992,999,9384,4624,"dam-level pairs bootstrap; empirical percentile 95% CI","Parity 4 vs 1"
0.1,"parity_group5",2.20000000000073,0.480642390356359,1.19999999999989,3.08158876013414,999,9384,4624,"dam-level pairs bootstrap; empirical percentile 95% CI","Parity 5 vs 1"
0.1,"parity_group6",1.99999999985661,0.488098737803956,0.933155466192123,2.8291795749022,999,9384,4624,"dam-level pairs bootstrap; empirical percentile 95% CI","Parity 6 vs 1"
0.1,"parity_group>=7",2.39999999992584,0.519348191622289,1.29999999999953,3.3999999999848,999,9384,4624,"dam-level pairs bootstrap; empirical percentile 95% CI","Parity >=7 vs 1"
0.1,"calf_birth_seasonSummer",-3.00000000007364,0.526787810783866,-3.97624999931459,-1.90000000000007,999,9384,4624,"dam-level pairs bootstrap; empirical percentile 95% CI","Summer vs spring"
0.1,"calf_birth_seasonAutumn",-0.600000000005218,0.391376875534285,-1.39999999999907,0.10166666606689,999,9384,4624,"dam-level pairs bootstrap; empirical percentile 95% CI","Autumn vs spring"
0.1,"calf_birth_seasonWinter",2.39999999977969,0.356326627079175,1.70000000000003,3.05249999996747,999,9384,4624,"dam-level pairs bootstrap; empirical percentile 95% CI","Winter vs spring"
0.5,"calf_sexmale",3.4,0.152662973237976,3.08291666666712,3.67997785299849,999,9384,4624,"dam-level pairs bootstrap; empirical percentile 95% CI","Male vs female"
0.5,"parity_group2",1.90000000000071,0.225576641431775,1.37543255475719,2.27544588730327,999,9384,4624,"dam-level pairs bootstrap; empirical percentile 95% CI","Parity 2 vs 1"
0.5,"parity_group3",3.30000000000029,0.241672124302181,2.73291666666815,3.66690476196048,999,9384,4624,"dam-level pairs bootstrap; empirical percentile 95% CI","Parity 3 vs 1"
0.5,"parity_group4",3.00000000000011,0.28220356094302,2.45000000084828,3.57500000000989,999,9384,4624,"dam-level pairs bootstrap; empirical percentile 95% CI","Parity 4 vs 1"
0.5,"parity_group5",2.60000000000051,0.268467384661711,2.09999999993324,3.10000000000006,999,9384,4624,"dam-level pairs bootstrap; empirical percentile 95% CI","Parity 5 vs 1"
0.5,"parity_group6",3.30000000000028,0.27113804952076,2.6491666665725,3.7000000000005,999,9384,4624,"dam-level pairs bootstrap; empirical percentile 95% CI","Parity 6 vs 1"
0.5,"parity_group>=7",2.50000000000068,0.347013318474868,1.80000000000358,3.2016666668171,999,9384,4624,"dam-level pairs bootstrap; empirical percentile 95% CI","Parity >=7 vs 1"
0.5,"calf_birth_seasonSummer",-1.70000000000014,0.250449270740498,-2.19999999999272,-1.19999999999996,999,9384,4624,"dam-level pairs bootstrap; empirical percentile 95% CI","Summer vs spring"
0.5,"calf_birth_seasonAutumn",-0.600000000000542,0.222081999684876,-1.00000000013961,-0.147499999827654,999,9384,4624,"dam-level pairs bootstrap; empirical percentile 95% CI","Autumn vs spring"
0.5,"calf_birth_seasonWinter",1.39999999999966,0.19944460868342,1.00000000000018,1.79999999999989,999,9384,4624,"dam-level pairs bootstrap; empirical percentile 95% CI","Winter vs spring"
0.9,"calf_sexmale",4.62499999994774,0.216112538718119,4.19999999999449,5.00000000011611,999,9384,4624,"dam-level pairs bootstrap; empirical percentile 95% CI","Male vs female"
0.9,"parity_group2",2.07499999954518,0.288065917151327,1.40000000000028,2.54999999998592,999,9384,4624,"dam-level pairs bootstrap; empirical percentile 95% CI","Parity 2 vs 1"
0.9,"parity_group3",3.39999999998631,0.285784474816834,2.80000000007175,3.9333333333577,999,9384,4624,"dam-level pairs bootstrap; empirical percentile 95% CI","Parity 3 vs 1"
0.9,"parity_group4",3.62500000003298,0.36637394300556,2.93333333333775,4.39999999962795,999,9384,4624,"dam-level pairs bootstrap; empirical percentile 95% CI","Parity 4 vs 1"
0.9,"parity_group5",3.14999999971571,0.372210473290676,2.39764083990588,3.80166666671435,999,9384,4624,"dam-level pairs bootstrap; empirical percentile 95% CI","Parity 5 vs 1"
0.9,"parity_group6",3.84999999973153,0.378341462396956,3.00000000000115,4.53333333333784,999,9384,4624,"dam-level pairs bootstrap; empirical percentile 95% CI","Parity 6 vs 1"
0.9,"parity_group>=7",3.39999999996496,0.484108009753284,2.40000000008813,4.30000000000011,999,9384,4624,"dam-level pairs bootstrap; empirical percentile 95% CI","Parity >=7 vs 1"
0.9,"calf_birth_seasonSummer",-0.84999999960137,0.330981303969463,-1.49999999999983,-0.199999999869067,999,9384,4624,"dam-level pairs bootstrap; empirical percentile 95% CI","Summer vs spring"
0.9,"calf_birth_seasonAutumn",0.450000000607395,0.324907920254903,-0.168725018570724,1.06833333282103,999,9384,4624,"dam-level pairs bootstrap; empirical percentile 95% CI","Autumn vs spring"
0.9,"calf_birth_seasonWinter",1.62500000059375,0.26479786989161,1.10000000000012,2.16701927341617,999,9384,4624,"dam-level pairs bootstrap; empirical percentile 95% CI","Winter vs spring"
